temperature_limit_C,year,metric,value
1.5,2020,social_cost_of_carbon_usd_per_tCO2,3556.865442387
1.5,2025,social_cost_of_carbon_usd_per_tCO2,4184.5475792789
1.5,2030,social_cost_of_carbon_usd_per_tCO2,5063.9942219974
1.5,2035,social_cost_of_carbon_usd_per_tCO2,6405.947173643
1.5,2040,social_cost_of_carbon_usd_per_tCO2,8351.0185111451
1.5,2045,social_cost_of_carbon_usd_per_tCO2,11379.6770038955
1.5,2050,social_cost_of_carbon_usd_per_tCO2,16551.7002868355
1.5,2055,social_cost_of_carbon_usd_per_tCO2,25980.8947258736
1.5,2060,social_cost_of_carbon_usd_per_tCO2,32398.555977758
1.5,2065,social_cost_of_carbon_usd_per_tCO2,462.8514136161
1.5,2070,social_cost_of_carbon_usd_per_tCO2,485.9853591727
1.5,2075,social_cost_of_carbon_usd_per_tCO2,498.1627099168
1.5,2080,social_cost_of_carbon_usd_per_tCO2,506.6037409058
1.5,2085,social_cost_of_carbon_usd_per_tCO2,511.8886492054
1.5,2090,social_cost_of_carbon_usd_per_tCO2,516.6590509034
1.5,2095,social_cost_of_carbon_usd_per_tCO2,507.5466353509
1.5,2100,social_cost_of_carbon_usd_per_tCO2,576.6985659073
1.5,2105,social_cost_of_carbon_usd_per_tCO2,502.4735873186
1.5,2110,social_cost_of_carbon_usd_per_tCO2,508.8507084939
1.5,2115,social_cost_of_carbon_usd_per_tCO2,511.9605760377
1.5,2120,social_cost_of_carbon_usd_per_tCO2,515.1924787443
1.5,2125,social_cost_of_carbon_usd_per_tCO2,517.9703455957
1.5,2130,social_cost_of_carbon_usd_per_tCO2,520.384745806
1.5,2135,social_cost_of_carbon_usd_per_tCO2,522.4632848478
1.5,2140,social_cost_of_carbon_usd_per_tCO2,524.207125458
1.5,2145,social_cost_of_carbon_usd_per_tCO2,525.7235552807
1.5,2150,social_cost_of_carbon_usd_per_tCO2,524.4570137923
1.5,2155,social_cost_of_carbon_usd_per_tCO2,548.0187477506
1.5,2160,social_cost_of_carbon_usd_per_tCO2,571.8179874149
1.5,2165,social_cost_of_carbon_usd_per_tCO2,593.1830379106
1.5,2170,social_cost_of_carbon_usd_per_tCO2,612.2201483073
1.5,2175,social_cost_of_carbon_usd_per_tCO2,628.9700565126
1.5,2180,social_cost_of_carbon_usd_per_tCO2,643.6625831786
1.5,2185,social_cost_of_carbon_usd_per_tCO2,656.2871638213
1.5,2190,social_cost_of_carbon_usd_per_tCO2,667.016211842
1.5,2195,social_cost_of_carbon_usd_per_tCO2,676.3294911205
1.5,2020,atmospheric_temperature_increase_C,1.24715
1.5,2025,atmospheric_temperature_increase_C,1.3609301464
1.5,2030,atmospheric_temperature_increase_C,1.4153035683
1.5,2035,atmospheric_temperature_increase_C,1.4481074265
1.5,2040,atmospheric_temperature_increase_C,1.4705087441
1.5,2045,atmospheric_temperature_increase_C,1.4858908418
1.5,2050,atmospheric_temperature_increase_C,1.4956938242
1.5,2055,atmospheric_temperature_increase_C,1.5000000001
1.5,2060,atmospheric_temperature_increase_C,1.5000000001
1.5,2065,atmospheric_temperature_increase_C,1.5000000001
1.5,2070,atmospheric_temperature_increase_C,1.5000000001
1.5,2075,atmospheric_temperature_increase_C,1.5000000001
1.5,2080,atmospheric_temperature_increase_C,1.5000000001
1.5,2085,atmospheric_temperature_increase_C,1.5000000001
1.5,2090,atmospheric_temperature_increase_C,1.5000000001
1.5,2095,atmospheric_temperature_increase_C,1.4999616332
1.5,2100,atmospheric_temperature_increase_C,1.5000000001
1.5,2105,atmospheric_temperature_increase_C,1.5000000001
1.5,2110,atmospheric_temperature_increase_C,1.5000000001
1.5,2115,atmospheric_temperature_increase_C,1.5000000001
1.5,2120,atmospheric_temperature_increase_C,1.5000000001
1.5,2125,atmospheric_temperature_increase_C,1.5000000001
1.5,2130,atmospheric_temperature_increase_C,1.5000000001
1.5,2135,atmospheric_temperature_increase_C,1.5000000001
1.5,2140,atmospheric_temperature_increase_C,1.5000000001
1.5,2145,atmospheric_temperature_increase_C,1.5000000001
1.5,2150,atmospheric_temperature_increase_C,1.4999999998
1.5,2155,atmospheric_temperature_increase_C,1.4877412526
1.5,2160,atmospheric_temperature_increase_C,1.4586915441
1.5,2165,atmospheric_temperature_increase_C,1.4121407176
1.5,2170,atmospheric_temperature_increase_C,1.3491238461
1.5,2175,atmospheric_temperature_increase_C,1.2811546956
1.5,2180,atmospheric_temperature_increase_C,1.2109090058
1.5,2185,atmospheric_temperature_increase_C,1.1385682986
1.5,2190,atmospheric_temperature_increase_C,1.0638766233
1.5,2195,atmospheric_temperature_increase_C,0.986532758
1.5,2020,atmospheric_concentration_ppm,416.2031931455
1.5,2025,atmospheric_concentration_ppm,414.9413708681
1.5,2030,atmospheric_concentration_ppm,414.7755556094
1.5,2035,atmospheric_concentration_ppm,414.633879491
1.5,2040,atmospheric_concentration_ppm,414.3307415482
1.5,2045,atmospheric_concentration_ppm,413.8597522311
1.5,2050,atmospheric_concentration_ppm,413.2971067634
1.5,2055,atmospheric_concentration_ppm,412.5416474993
1.5,2060,atmospheric_concentration_ppm,411.8424405091
1.5,2065,atmospheric_concentration_ppm,411.5543504507
1.5,2070,atmospheric_concentration_ppm,411.0483593099
1.5,2075,atmospheric_concentration_ppm,410.3847204015
1.5,2080,atmospheric_concentration_ppm,409.5335257182
1.5,2085,atmospheric_concentration_ppm,408.5139157873
1.5,2090,atmospheric_concentration_ppm,407.3419328193
1.5,2095,atmospheric_concentration_ppm,406.026787811
1.5,2100,atmospheric_concentration_ppm,404.6155040813
1.5,2105,atmospheric_concentration_ppm,404.5034768667
1.5,2110,atmospheric_concentration_ppm,404.0316502815
1.5,2115,atmospheric_concentration_ppm,403.5270276258
1.5,2120,atmospheric_concentration_ppm,402.9654328954
1.5,2125,atmospheric_concentration_ppm,402.3631745559
1.5,2130,atmospheric_concentration_ppm,401.727419647
1.5,2135,atmospheric_concentration_ppm,401.0650075596
1.5,2140,atmospheric_concentration_ppm,400.381850807
1.5,2145,atmospheric_concentration_ppm,399.6832012947
1.5,2150,atmospheric_concentration_ppm,398.9737170823
1.5,2155,atmospheric_concentration_ppm,395.558832392
1.5,2160,atmospheric_concentration_ppm,389.6272081382
1.5,2165,atmospheric_concentration_ppm,381.4272629878
1.5,2170,atmospheric_concentration_ppm,371.3410505219
1.5,2175,atmospheric_concentration_ppm,361.7377143882
1.5,2180,atmospheric_concentration_ppm,352.2519147945
1.5,2185,atmospheric_concentration_ppm,342.7872118863
1.5,2190,atmospheric_concentration_ppm,333.3114149879
1.5,2195,atmospheric_concentration_ppm,323.810712194
1.5,2020,emissions_control_rate,0.0500000001
1.5,2025,emissions_control_rate,0.1000000001
1.5,2030,emissions_control_rate,0.2400000001
1.5,2035,emissions_control_rate,0.3600000001
1.5,2040,emissions_control_rate,0.4800000001
1.5,2045,emissions_control_rate,0.6000000001
1.5,2050,emissions_control_rate,0.7200000001
1.5,2055,emissions_control_rate,0.8400000001
1.5,2060,emissions_control_rate,0.9000000001
1.5,2065,emissions_control_rate,0.9206309434
1.5,2070,emissions_control_rate,0.9425010262
1.5,2075,emissions_control_rate,0.9569381144
1.5,2080,emissions_control_rate,0.9690792366
1.5,2085,emissions_control_rate,0.9790495402
1.5,2090,emissions_control_rate,0.9874053299
1.5,2095,emissions_control_rate,0.9945669525
1.5,2100,emissions_control_rate,1.0000000001
1.5,2105,emissions_control_rate,0.9795510152
1.5,2110,emissions_control_rate,0.9849571759
1.5,2115,emissions_control_rate,0.9870869562
1.5,2120,emissions_control_rate,0.989477498
1.5,2125,emissions_control_rate,0.9914955654
1.5,2130,emissions_control_rate,0.9932231532
1.5,2135,emissions_control_rate,0.9946806823
1.5,2140,emissions_control_rate,0.9959013021
1.5,2145,emissions_control_rate,0.9969153901
1.5,2150,emissions_control_rate,0.9977507978
1.5,2155,emissions_control_rate,1.0260450373
1.5,2160,emissions_control_rate,1.0541475486
1.5,2165,emissions_control_rate,1.0793265557
1.5,2170,emissions_control_rate,1.0999999986
1.5,2175,emissions_control_rate,1.1
1.5,2180,emissions_control_rate,1.1
1.5,2185,emissions_control_rate,1.1
1.5,2190,emissions_control_rate,1.1000000001
1.5,2195,emissions_control_rate,1.1000000001
1.5,2020,total_CO2_emissions_GtCO2_per_year,42.941200096
1.5,2025,total_CO2_emissions_GtCO2_per_year,13.0600203257
1.5,2030,total_CO2_emissions_GtCO2_per_year,10.8138067713
1.5,2035,total_CO2_emissions_GtCO2_per_year,9.2334036905
1.5,2040,total_CO2_emissions_GtCO2_per_year,7.8263074998
1.5,2045,total_CO2_emissions_GtCO2_per_year,6.6046291094
1.5,2050,total_CO2_emissions_GtCO2_per_year,5.6611279675
1.5,2055,total_CO2_emissions_GtCO2_per_year,4.6471509808
1.5,2060,total_CO2_emissions_GtCO2_per_year,4.1615489415
1.5,2065,total_CO2_emissions_GtCO2_per_year,4.4802046748
1.5,2070,total_CO2_emissions_GtCO2_per_year,3.8037536173
1.5,2075,total_CO2_emissions_GtCO2_per_year,3.1511064344
1.5,2080,total_CO2_emissions_GtCO2_per_year,2.439786773
1.5,2085,total_CO2_emissions_GtCO2_per_year,1.7611837793
1.5,2090,total_CO2_emissions_GtCO2_per_year,1.1215333009
1.5,2095,total_CO2_emissions_GtCO2_per_year,0.5111126013
1.5,2100,total_CO2_emissions_GtCO2_per_year,-8.8e-09
1.5,2105,total_CO2_emissions_GtCO2_per_year,2.1410542146
1.5,2110,total_CO2_emissions_GtCO2_per_year,1.6622774035
1.5,2115,total_CO2_emissions_GtCO2_per_year,1.5060800122
1.5,2120,total_CO2_emissions_GtCO2_per_year,1.2957617635
1.5,2125,total_CO2_emissions_GtCO2_per_year,1.1061339092
1.5,2130,total_CO2_emissions_GtCO2_per_year,0.9313908405
1.5,2135,total_CO2_emissions_GtCO2_per_year,0.7728477791
1.5,2140,total_CO2_emissions_GtCO2_per_year,0.6298132772
1.5,2145,total_CO2_emissions_GtCO2_per_year,0.5015249636
1.5,2150,total_CO2_emissions_GtCO2_per_year,0.387131893
1.5,2155,total_CO2_emissions_GtCO2_per_year,-4.7483023127
1.5,2160,total_CO2_emissions_GtCO2_per_year,-10.4562024896
1.5,2165,total_CO2_emissions_GtCO2_per_year,-16.211811305
1.5,2170,total_CO2_emissions_GtCO2_per_year,-21.612239636
1.5,2175,total_CO2_emissions_GtCO2_per_year,-22.8385126513
1.5,2180,total_CO2_emissions_GtCO2_per_year,-24.124514613
1.5,2185,total_CO2_emissions_GtCO2_per_year,-25.4696605014
1.5,2190,total_CO2_emissions_GtCO2_per_year,-26.8740007908
1.5,2195,total_CO2_emissions_GtCO2_per_year,-28.3376351909
1.5,2020,gross_output,5.7603328885
1.5,2025,gross_output,16.6104290393
1.5,2030,gross_output,64.1215648398
1.5,2035,gross_output,116.6904736736
1.5,2040,gross_output,175.8825109786
1.5,2045,gross_output,239.0913993548
1.5,2050,gross_output,304.4662957193
1.5,2055,gross_output,387.688228345
1.5,2060,gross_output,430.7767936474
1.5,2065,gross_output,444.4569691957
1.5,2070,gross_output,459.1686938763
1.5,2075,gross_output,468.1273673074
1.5,2080,gross_output,475.2840676313
1.5,2085,gross_output,480.7224347617
1.5,2090,gross_output,484.8732188266
1.5,2095,gross_output,488.0658446558
1.5,2100,gross_output,489.8831536875
1.5,2105,gross_output,471.5897173236
1.5,2110,gross_output,473.3880797568
1.5,2115,gross_output,472.6577121424
1.5,2120,gross_output,472.1240140307
1.5,2125,gross_output,471.3031958686
1.5,2130,gross_output,470.2606137538
1.5,2135,gross_output,469.0143080846
1.5,2140,gross_output,467.5917133463
1.5,2145,gross_output,466.0178309656
1.5,2150,gross_output,464.3154284114
1.5,2155,gross_output,483.1395462173
1.5,2160,gross_output,501.9692123584
1.5,2165,gross_output,518.6900818333
1.5,2170,gross_output,532.010478901
1.5,2175,gross_output,529.3570666154
1.5,2180,gross_output,526.716887274
1.5,2185,gross_output,524.0898758534
1.5,2190,gross_output,521.4759666993
1.5,2195,gross_output,518.8750944685
1.5,2020,consumption_per_capita_2019USD,134.8914364654
1.5,2025,consumption_per_capita_2019USD,34.0401367998
1.5,2030,consumption_per_capita_2019USD,37.5696252652
1.5,2035,consumption_per_capita_2019USD,43.1399379419
1.5,2040,consumption_per_capita_2019USD,50.8957604154
1.5,2045,consumption_per_capita_2019USD,63.2102373355
1.5,2050,consumption_per_capita_2019USD,88.1126042683
1.5,2055,consumption_per_capita_2019USD,143.4342359112
1.5,2060,consumption_per_capita_2019USD,226.1299401199
1.5,2065,consumption_per_capita_2019USD,330.8586890822
1.5,2070,consumption_per_capita_2019USD,412.4181387175
1.5,2075,consumption_per_capita_2019USD,482.3925619193
1.5,2080,consumption_per_capita_2019USD,548.0005444734
1.5,2085,consumption_per_capita_2019USD,613.3378516926
1.5,2090,consumption_per_capita_2019USD,680.8596195077
1.5,2095,consumption_per_capita_2019USD,752.1190190403
1.5,2100,consumption_per_capita_2019USD,828.1601186815
1.5,2105,consumption_per_capita_2019USD,909.7471025215
1.5,2110,consumption_per_capita_2019USD,998.2003374838
1.5,2115,consumption_per_capita_2019USD,1093.4556604364
1.5,2120,consumption_per_capita_2019USD,1196.2596899941
1.5,2125,consumption_per_capita_2019USD,1307.2382052142
1.5,2130,consumption_per_capita_2019USD,1427.0491074337
1.5,2135,consumption_per_capita_2019USD,1556.3772264391
1.5,2140,consumption_per_capita_2019USD,1695.9535466349
1.5,2145,consumption_per_capita_2019USD,1846.5779887961
1.5,2150,consumption_per_capita_2019USD,2009.1603193218
1.5,2155,consumption_per_capita_2019USD,2184.8001642932
1.5,2160,consumption_per_capita_2019USD,2373.4164497947
1.5,2165,consumption_per_capita_2019USD,2576.0429905986
1.5,2170,consumption_per_capita_2019USD,2793.7360953426
1.5,2175,consumption_per_capita_2019USD,3027.5087270841
1.5,2180,consumption_per_capita_2019USD,3279.4191637563
1.5,2185,consumption_per_capita_2019USD,3550.3626111007
1.5,2190,consumption_per_capita_2019USD,3841.3597776832
1.5,2195,consumption_per_capita_2019USD,4153.4835397848
1.5,2020,gross_investment,17.304226487
1.5,2025,gross_investment,4.1335338923
1.5,2030,gross_investment,4.3607821183
1.5,2035,gross_investment,4.8085256511
1.5,2040,gross_investment,5.4544845873
1.5,2045,gross_investment,6.4593707735
1.5,2050,gross_investment,8.188297518
1.5,2055,gross_investment,11.4828451195
1.5,2060,gross_investment,14.8698505287
1.5,2065,gross_investment,22.3906323434
1.5,2070,gross_investment,28.3755382009
1.5,2075,gross_investment,33.3933742099
1.5,2080,gross_investment,37.941490303
1.5,2085,gross_investment,42.3547116591
1.5,2090,gross_investment,46.8453567138
1.5,2095,gross_investment,51.550707492
1.5,2100,gross_investment,56.5662866578
1.5,2105,gross_investment,61.9671864389
1.5,2110,gross_investment,67.7547719511
1.5,2115,gross_investment,73.9868958225
1.5,2120,gross_investment,80.7069678718
1.5,2125,gross_investment,87.9571234141
1.5,2130,gross_investment,95.7782504746
1.5,2135,gross_investment,104.2108322039
1.5,2140,gross_investment,113.2944141083
1.5,2145,gross_investment,123.0653637621
1.5,2150,gross_investment,133.5514328443
1.5,2155,gross_investment,144.7650022716
1.5,2160,gross_investment,156.8098232022
1.5,2165,gross_investment,169.7922968688
1.5,2170,gross_investment,183.8207860854
1.5,2175,gross_investment,199.0051670352
1.5,2180,gross_investment,215.3789386425
1.5,2185,gross_investment,232.9972571606
1.5,2190,gross_investment,251.9340178197
1.5,2195,gross_investment,272.2844161442
1.5,2020,carbon_price_usd_per_tCO2,0.0
1.5,2025,carbon_price_usd_per_tCO2,0.1773100864
1.5,2030,carbon_price_usd_per_tCO2,0.2472023228
1.5,2035,carbon_price_usd_per_tCO2,0.3523928415
1.5,2040,carbon_price_usd_per_tCO2,0.6247695099
1.5,2045,carbon_price_usd_per_tCO2,1.7307466764
1.5,2050,carbon_price_usd_per_tCO2,7.7134661545
1.5,2055,carbon_price_usd_per_tCO2,26.8021453908
1.5,2060,carbon_price_usd_per_tCO2,70.4312386746
1.5,2065,carbon_price_usd_per_tCO2,93.847567224
1.5,2070,carbon_price_usd_per_tCO2,109.0423355285
1.5,2075,carbon_price_usd_per_tCO2,122.4551954674
1.5,2080,carbon_price_usd_per_tCO2,136.2015234029
1.5,2085,carbon_price_usd_per_tCO2,150.9874700311
1.5,2090,carbon_price_usd_per_tCO2,167.0604875503
1.5,2095,carbon_price_usd_per_tCO2,184.5202164637
1.5,2100,carbon_price_usd_per_tCO2,203.4320231776
1.5,2105,carbon_price_usd_per_tCO2,224.9907538331
1.5,2110,carbon_price_usd_per_tCO2,247.6336383774
1.5,2115,carbon_price_usd_per_tCO2,272.3788622519
1.5,2120,carbon_price_usd_per_tCO2,299.2767513806
1.5,2125,carbon_price_usd_per_tCO2,328.5293639484
1.5,2130,carbon_price_usd_per_tCO2,360.3369491505
1.5,2135,carbon_price_usd_per_tCO2,394.9342524069
1.5,2140,carbon_price_usd_per_tCO2,432.6100477333
1.5,2145,carbon_price_usd_per_tCO2,473.7547836916
1.5,2150,carbon_price_usd_per_tCO2,518.9593109758
1.5,2155,carbon_price_usd_per_tCO2,566.5691945211
1.5,2160,carbon_price_usd_per_tCO2,618.001184012
1.5,2165,carbon_price_usd_per_tCO2,673.5752623557
1.5,2170,carbon_price_usd_per_tCO2,733.4882149126
1.5,2175,carbon_price_usd_per_tCO2,799.8070573744
1.5,2180,carbon_price_usd_per_tCO2,871.4469124193
1.5,2185,carbon_price_usd_per_tCO2,948.7092177747
1.5,2190,carbon_price_usd_per_tCO2,1031.8251216099
1.5,2195,carbon_price_usd_per_tCO2,1120.8448046614
2.0,2020,social_cost_of_carbon_usd_per_tCO2,75.6784273432
2.0,2025,social_cost_of_carbon_usd_per_tCO2,89.0334439332
2.0,2030,social_cost_of_carbon_usd_per_tCO2,106.8634294365
2.0,2035,social_cost_of_carbon_usd_per_tCO2,127.5530663498
2.0,2040,social_cost_of_carbon_usd_per_tCO2,151.7156721859
2.0,2045,social_cost_of_carbon_usd_per_tCO2,179.9993149453
2.0,2050,social_cost_of_carbon_usd_per_tCO2,213.1277987454
2.0,2055,social_cost_of_carbon_usd_per_tCO2,251.9533567628
2.0,2060,social_cost_of_carbon_usd_per_tCO2,297.6256361597
2.0,2065,social_cost_of_carbon_usd_per_tCO2,351.6268150028
2.0,2070,social_cost_of_carbon_usd_per_tCO2,414.8743940671
2.0,2075,social_cost_of_carbon_usd_per_tCO2,479.5518162614
2.0,2080,social_cost_of_carbon_usd_per_tCO2,479.4271851466
2.0,2085,social_cost_of_carbon_usd_per_tCO2,488.1739064722
2.0,2090,social_cost_of_carbon_usd_per_tCO2,496.1124064945
2.0,2095,social_cost_of_carbon_usd_per_tCO2,501.2125352714
2.0,2100,social_cost_of_carbon_usd_per_tCO2,509.3657936603
2.0,2105,social_cost_of_carbon_usd_per_tCO2,491.1326259261
2.0,2110,social_cost_of_carbon_usd_per_tCO2,501.8957930546
2.0,2115,social_cost_of_carbon_usd_per_tCO2,507.3392126276
2.0,2120,social_cost_of_carbon_usd_per_tCO2,513.2131876795
2.0,2125,social_cost_of_carbon_usd_per_tCO2,518.9312135731
2.0,2130,social_cost_of_carbon_usd_per_tCO2,518.902200805
2.0,2135,social_cost_of_carbon_usd_per_tCO2,555.7352998026
2.0,2140,social_cost_of_carbon_usd_per_tCO2,594.3001628566
2.0,2145,social_cost_of_carbon_usd_per_tCO2,633.3321677434
2.0,2150,social_cost_of_carbon_usd_per_tCO2,672.8301422554
2.0,2155,social_cost_of_carbon_usd_per_tCO2,712.5821929067
2.0,2160,social_cost_of_carbon_usd_per_tCO2,752.1630653979
2.0,2165,social_cost_of_carbon_usd_per_tCO2,791.1319160406
2.0,2170,social_cost_of_carbon_usd_per_tCO2,829.0519503365
2.0,2175,social_cost_of_carbon_usd_per_tCO2,865.5096027803
2.0,2180,social_cost_of_carbon_usd_per_tCO2,900.1434186075
2.0,2185,social_cost_of_carbon_usd_per_tCO2,932.6898379492
2.0,2190,social_cost_of_carbon_usd_per_tCO2,963.0512089662
2.0,2195,social_cost_of_carbon_usd_per_tCO2,991.3727416296
2.0,2020,atmospheric_temperature_increase_C,1.24715
2.0,2025,atmospheric_temperature_increase_C,1.4247314218
2.0,2030,atmospheric_temperature_increase_C,1.5460499238
2.0,2035,atmospheric_temperature_increase_C,1.638505035
2.0,2040,atmospheric_temperature_increase_C,1.7174675701
2.0,2045,atmospheric_temperature_increase_C,1.7881684033
2.0,2050,atmospheric_temperature_increase_C,1.8503803447
2.0,2055,atmospheric_temperature_increase_C,1.9041746984
2.0,2060,atmospheric_temperature_increase_C,1.9482000048
2.0,2065,atmospheric_temperature_increase_C,1.9799921541
2.0,2070,atmospheric_temperature_increase_C,1.996969287
2.0,2075,atmospheric_temperature_increase_C,2.0000000002
2.0,2080,atmospheric_temperature_increase_C,2.0000000002
2.0,2085,atmospheric_temperature_increase_C,2.0000000002
2.0,2090,atmospheric_temperature_increase_C,2.0000000002
2.0,2095,atmospheric_temperature_increase_C,2.0000000002
2.0,2100,atmospheric_temperature_increase_C,2.0000000002
2.0,2105,atmospheric_temperature_increase_C,2.0000000002
2.0,2110,atmospheric_temperature_increase_C,2.0000000002
2.0,2115,atmospheric_temperature_increase_C,2.0000000002
2.0,2120,atmospheric_temperature_increase_C,2.0000000002
2.0,2125,atmospheric_temperature_increase_C,2.0000000002
2.0,2130,atmospheric_temperature_increase_C,1.9999999999
2.0,2135,atmospheric_temperature_increase_C,1.9871957545
2.0,2140,atmospheric_temperature_increase_C,1.9553826261
2.0,2145,atmospheric_temperature_increase_C,1.9094971023
2.0,2150,atmospheric_temperature_increase_C,1.8595061376
2.0,2155,atmospheric_temperature_increase_C,1.8081235204
2.0,2160,atmospheric_temperature_increase_C,1.7554144569
2.0,2165,atmospheric_temperature_increase_C,1.7009933915
2.0,2170,atmospheric_temperature_increase_C,1.6444566235
2.0,2175,atmospheric_temperature_increase_C,1.5854449366
2.0,2180,atmospheric_temperature_increase_C,1.52363676
2.0,2185,atmospheric_temperature_increase_C,1.4587369423
2.0,2190,atmospheric_temperature_increase_C,1.3904711903
2.0,2195,atmospheric_temperature_increase_C,1.3185859586
2.0,2020,atmospheric_concentration_ppm,416.2031931455
2.0,2025,atmospheric_concentration_ppm,429.8879462236
2.0,2030,atmospheric_concentration_ppm,441.147031451
2.0,2035,atmospheric_concentration_ppm,450.5008606738
2.0,2040,atmospheric_concentration_ppm,459.4952051291
2.0,2045,atmospheric_concentration_ppm,467.7076151551
2.0,2050,atmospheric_concentration_ppm,474.6883971701
2.0,2055,atmospheric_concentration_ppm,480.5300939904
2.0,2060,atmospheric_concentration_ppm,484.7667463003
2.0,2065,atmospheric_concentration_ppm,486.906595201
2.0,2070,atmospheric_concentration_ppm,486.5388890169
2.0,2075,atmospheric_concentration_ppm,484.1935815414
2.0,2080,atmospheric_concentration_ppm,482.565218021
2.0,2085,atmospheric_concentration_ppm,480.8360495327
2.0,2090,atmospheric_concentration_ppm,478.939601074
2.0,2095,atmospheric_concentration_ppm,476.9067697755
2.0,2100,atmospheric_concentration_ppm,474.7488900613
2.0,2105,atmospheric_concentration_ppm,474.1461312388
2.0,2110,atmospheric_concentration_ppm,473.0853188792
2.0,2115,atmospheric_concentration_ppm,472.017041886
2.0,2120,atmospheric_concentration_ppm,470.8829175064
2.0,2125,atmospheric_concentration_ppm,469.708597149
2.0,2130,atmospheric_concentration_ppm,468.5007992313
2.0,2135,atmospheric_concentration_ppm,463.9607245286
2.0,2140,atmospheric_concentration_ppm,456.0999188266
2.0,2145,atmospheric_concentration_ppm,446.7694310604
2.0,2150,atmospheric_concentration_ppm,437.8648079817
2.0,2155,atmospheric_concentration_ppm,429.0541480153
2.0,2160,atmospheric_concentration_ppm,420.1932448733
2.0,2165,atmospheric_concentration_ppm,411.2226361326
2.0,2170,atmospheric_concentration_ppm,402.1122278874
2.0,2175,atmospheric_concentration_ppm,392.8448734781
2.0,2180,atmospheric_concentration_ppm,383.4102499437
2.0,2185,atmospheric_concentration_ppm,373.8027882782
2.0,2190,atmospheric_concentration_ppm,364.0212254595
2.0,2195,atmospheric_concentration_ppm,354.0688893219
2.0,2020,emissions_control_rate,0.0500000001
2.0,2025,emissions_control_rate,0.1000000001
2.0,2030,emissions_control_rate,0.2400000001
2.0,2035,emissions_control_rate,0.3600000001
2.0,2040,emissions_control_rate,0.4180098448
2.0,2045,emissions_control_rate,0.4806361032
2.0,2050,emissions_control_rate,0.5528694958
2.0,2055,emissions_control_rate,0.6186315398
2.0,2060,emissions_control_rate,0.6926182043
2.0,2065,emissions_control_rate,0.7754009151
2.0,2070,emissions_control_rate,0.8640055448
2.0,2075,emissions_control_rate,0.9352983655
2.0,2080,emissions_control_rate,0.9404109179
2.0,2085,emissions_control_rate,0.9548366784
2.0,2090,emissions_control_rate,0.9680124543
2.0,2095,emissions_control_rate,0.9788029618
2.0,2100,emissions_control_rate,0.9878740801
2.0,2105,emissions_control_rate,0.9668053445
2.0,2110,emissions_control_rate,0.976093999
2.0,2115,emissions_control_rate,0.9797338452
2.0,2120,emissions_control_rate,0.983897911
2.0,2125,emissions_control_rate,0.9873697984
2.0,2130,emissions_control_rate,0.990351249
2.0,2135,emissions_control_rate,1.0333685491
2.0,2140,emissions_control_rate,1.0773957603
2.0,2145,emissions_control_rate,1.1
2.0,2150,emissions_control_rate,1.1000000001
2.0,2155,emissions_control_rate,1.1000000001
2.0,2160,emissions_control_rate,1.1000000001
2.0,2165,emissions_control_rate,1.1000000001
2.0,2170,emissions_control_rate,1.1000000001
2.0,2175,emissions_control_rate,1.1000000001
2.0,2180,emissions_control_rate,1.1000000001
2.0,2185,emissions_control_rate,1.1000000001
2.0,2190,emissions_control_rate,1.1000000001
2.0,2195,emissions_control_rate,1.1000000001
2.0,2020,total_CO2_emissions_GtCO2_per_year,42.9412000961
2.0,2025,total_CO2_emissions_GtCO2_per_year,42.8564715569
2.0,2030,total_CO2_emissions_GtCO2_per_year,38.0801824549
2.0,2035,total_CO2_emissions_GtCO2_per_year,33.6978331454
2.0,2040,total_CO2_emissions_GtCO2_per_year,32.1567881108
2.0,2045,total_CO2_emissions_GtCO2_per_year,30.1032896116
2.0,2050,total_CO2_emissions_GtCO2_per_year,27.1826797126
2.0,2055,total_CO2_emissions_GtCO2_per_year,24.3155242631
2.0,2060,total_CO2_emissions_GtCO2_per_year,20.5574647581
2.0,2065,total_CO2_emissions_GtCO2_per_year,15.7595925762
2.0,2070,total_CO2_emissions_GtCO2_per_year,10.0126635302
2.0,2075,total_CO2_emissions_GtCO2_per_year,4.9973864346
2.0,2080,total_CO2_emissions_GtCO2_per_year,4.8278435013
2.0,2085,total_CO2_emissions_GtCO2_per_year,3.8449998148
2.0,2090,total_CO2_emissions_GtCO2_per_year,2.8642373103
2.0,2095,total_CO2_emissions_GtCO2_per_year,1.9976563092
2.0,2100,total_CO2_emissions_GtCO2_per_year,1.2034602179
2.0,2105,total_CO2_emissions_GtCO2_per_year,3.4710345464
2.0,2110,total_CO2_emissions_GtCO2_per_year,2.636885763
2.0,2115,total_CO2_emissions_GtCO2_per_year,2.3587079711
2.0,2120,total_CO2_emissions_GtCO2_per_year,1.9784561131
2.0,2125,total_CO2_emissions_GtCO2_per_year,1.6391915301
2.0,2130,total_CO2_emissions_GtCO2_per_year,1.3235381559
2.0,2135,total_CO2_emissions_GtCO2_per_year,-4.8415413479
2.0,2140,total_CO2_emissions_GtCO2_per_year,-11.8775071402
2.0,2145,total_CO2_emissions_GtCO2_per_year,-16.2314762085
2.0,2150,total_CO2_emissions_GtCO2_per_year,-17.1739362943
2.0,2155,total_CO2_emissions_GtCO2_per_year,-18.1842258328
2.0,2160,total_CO2_emissions_GtCO2_per_year,-19.2622737183
2.0,2165,total_CO2_emissions_GtCO2_per_year,-20.3921350915
2.0,2170,total_CO2_emissions_GtCO2_per_year,-21.5748039269
2.0,2175,total_CO2_emissions_GtCO2_per_year,-22.8115354588
2.0,2180,total_CO2_emissions_GtCO2_per_year,-24.1036836453
2.0,2185,total_CO2_emissions_GtCO2_per_year,-25.4525578153
2.0,2190,total_CO2_emissions_GtCO2_per_year,-26.8592386306
2.0,2195,total_CO2_emissions_GtCO2_per_year,-28.32426721
2.0,2020,gross_output,134.8914364654
2.0,2025,gross_output,156.522057638
2.0,2030,gross_output,180.2068828269
2.0,2035,gross_output,205.9917932514
2.0,2040,gross_output,233.9201475556
2.0,2045,gross_output,264.3267199556
2.0,2050,gross_output,297.3987196555
2.0,2055,gross_output,333.3138672748
2.0,2060,gross_output,372.3304798976
2.0,2065,gross_output,414.6693773873
2.0,2070,gross_output,460.4963881066
2.0,2075,gross_output,509.8596257285
2.0,2080,gross_output,563.0024308813
2.0,2085,gross_output,621.2956983133
2.0,2090,gross_output,684.6949947348
2.0,2095,gross_output,753.4755644244
2.0,2100,gross_output,827.9825987015
2.0,2105,gross_output,908.5528053155
2.0,2110,gross_output,996.3721585647
2.0,2115,gross_output,1091.1344362351
2.0,2120,gross_output,1193.5974494778
2.0,2125,gross_output,1304.3891624497
2.0,2130,gross_output,1424.2834518314
2.0,2135,gross_output,1554.2505058997
2.0,2140,gross_output,1693.7700979548
2.0,2145,gross_output,1843.450363978
2.0,2150,gross_output,2004.711403128
2.0,2155,gross_output,2179.1696703159
2.0,2160,gross_output,2367.4704562649
2.0,2165,gross_output,2570.4050623382
2.0,2170,gross_output,2788.8912683651
2.0,2175,gross_output,3023.9290565156
2.0,2180,gross_output,3276.5850778427
2.0,2185,gross_output,3547.9768594215
2.0,2190,gross_output,3839.2483889419
2.0,2195,gross_output,4151.5231542913
2.0,2020,consumption_per_capita_2019USD,12.9099317107
2.0,2025,consumption_per_capita_2019USD,14.2833556451
2.0,2030,consumption_per_capita_2019USD,15.7678658078
2.0,2035,consumption_per_capita_2019USD,17.3675438322
2.0,2040,consumption_per_capita_2019USD,19.1061520873
2.0,2045,consumption_per_capita_2019USD,20.9901124871
2.0,2050,consumption_per_capita_2019USD,23.0264635416
2.0,2055,consumption_per_capita_2019USD,25.2206786751
2.0,2060,consumption_per_capita_2019USD,27.5794993986
2.0,2065,consumption_per_capita_2019USD,30.1150210515
2.0,2070,consumption_per_capita_2019USD,32.855277632
2.0,2075,consumption_per_capita_2019USD,35.8666379506
2.0,2080,consumption_per_capita_2019USD,39.2453228467
2.0,2085,consumption_per_capita_2019USD,42.9631612804
2.0,2090,consumption_per_capita_2019USD,47.0304119526
2.0,2095,consumption_per_capita_2019USD,51.4681935854
2.0,2100,consumption_per_capita_2019USD,56.3043147473
2.0,2105,consumption_per_capita_2019USD,61.5786523622
2.0,2110,consumption_per_capita_2019USD,67.2608869821
2.0,2115,consumption_per_capita_2019USD,73.3982686176
2.0,2120,consumption_per_capita_2019USD,80.0207784912
2.0,2125,consumption_per_capita_2019USD,87.156040839
2.0,2130,consumption_per_capita_2019USD,94.8201212754
2.0,2135,consumption_per_capita_2019USD,103.0059959999
2.0,2140,consumption_per_capita_2019USD,111.8263874545
2.0,2145,consumption_per_capita_2019USD,121.4167736137
2.0,2150,consumption_per_capita_2019USD,131.8587420649
2.0,2155,consumption_per_capita_2019USD,143.1680171245
2.0,2160,consumption_per_capita_2019USD,155.3792961021
2.0,2165,consumption_per_capita_2019USD,168.5415898111
2.0,2170,consumption_per_capita_2019USD,182.7123321486
2.0,2175,consumption_per_capita_2019USD,197.9558651666
2.0,2180,consumption_per_capita_2019USD,214.3432304965
2.0,2185,consumption_per_capita_2019USD,231.9533944328
2.0,2190,consumption_per_capita_2019USD,250.876686637
2.0,2195,consumption_per_capita_2019USD,271.2223460916
2.0,2020,gross_investment,34.0685279707
2.0,2025,gross_investment,39.154098221
2.0,2030,gross_investment,44.6143108177
2.0,2035,gross_investment,50.4065902643
2.0,2040,gross_investment,56.918309215
2.0,2045,gross_investment,64.0552663007
2.0,2050,gross_investment,71.8296360526
2.0,2055,gross_investment,80.3755239992
2.0,2060,gross_investment,89.6908085141
2.0,2065,gross_investment,99.712966802
2.0,2070,gross_investment,110.236899032
2.0,2075,gross_investment,121.453743115
2.0,2080,gross_investment,135.1141265838
2.0,2085,gross_investment,149.7551164104
2.0,2090,gross_investment,165.6766133746
2.0,2095,gross_investment,182.984861433
2.0,2100,gross_investment,201.6954717901
2.0,2105,gross_investment,223.1772749126
2.0,2110,gross_investment,245.6105052835
2.0,2115,gross_investment,270.2565437118
2.0,2120,gross_investment,297.1609783657
2.0,2125,gross_investment,326.7171851478
2.0,2130,gross_investment,359.4937634527
2.0,2135,gross_investment,393.3627865785
2.0,2140,gross_investment,429.4908974517
2.0,2145,gross_investment,469.3106617676
2.0,2150,gross_investment,513.7850504155
2.0,2155,gross_investment,562.0099892196
2.0,2160,gross_investment,614.2673414043
2.0,2165,gross_investment,670.8870396459
2.0,2170,gross_investment,732.1900815145
2.0,2175,gross_investment,798.5051659825
2.0,2180,gross_investment,870.1554343981
2.0,2185,gross_investment,947.4293823457
2.0,2190,gross_investment,1030.5189494824
2.0,2195,gross_investment,1119.3905352505
2.0,2020,carbon_price_usd_per_tCO2,5.7603328879
2.0,2025,carbon_price_usd_per_tCO2,16.6104290391
2.0,2030,carbon_price_usd_per_tCO2,64.121564839
2.0,2035,carbon_price_usd_per_tCO2,116.690473653
2.0,2040,carbon_price_usd_per_tCO2,140.9727246235
2.0,2045,carbon_price_usd_per_tCO2,167.6595039909
2.0,2050,carbon_price_usd_per_tCO2,199.5278095955
2.0,2055,carbon_price_usd_per_tCO2,237.6441070171
2.0,2060,carbon_price_usd_per_tCO2,283.3051879488
2.0,2065,carbon_price_usd_per_tCO2,337.7029905151
2.0,2070,carbon_price_usd_per_tCO2,399.5285202363
2.0,2075,carbon_price_usd_per_tCO2,451.305002621
2.0,2080,carbon_price_usd_per_tCO2,452.9879553898
2.0,2085,carbon_price_usd_per_tCO2,461.8420492301
2.0,2090,carbon_price_usd_per_tCO2,469.7263914632
2.0,2095,carbon_price_usd_per_tCO2,475.7473929686
2.0,2100,carbon_price_usd_per_tCO2,480.4133306593
2.0,2105,carbon_price_usd_per_tCO2,461.8101783346
2.0,2110,carbon_price_usd_per_tCO2,466.5908184473
2.0,2115,carbon_price_usd_per_tCO2,467.0367607674
2.0,2120,carbon_price_usd_per_tCO2,467.8715921808
2.0,2125,carbon_price_usd_per_tCO2,468.1692499471
2.0,2130,carbon_price_usd_per_tCO2,468.086888469
2.0,2135,carbon_price_usd_per_tCO2,498.5406565712
2.0,2140,carbon_price_usd_per_tCO2,530.2994115776
2.0,2145,carbon_price_usd_per_tCO2,545.4783894188
2.0,2150,carbon_price_usd_per_tCO2,542.7578046435
2.0,2155,carbon_price_usd_per_tCO2,540.0507888075
2.0,2160,carbon_price_usd_per_tCO2,537.3572742646
2.0,2165,carbon_price_usd_per_tCO2,534.67719368
2.0,2170,carbon_price_usd_per_tCO2,532.0104800523
2.0,2175,carbon_price_usd_per_tCO2,529.357066714
2.0,2180,carbon_price_usd_per_tCO2,526.7168873297
2.0,2185,carbon_price_usd_per_tCO2,524.0898758948
2.0,2190,carbon_price_usd_per_tCO2,521.475966734
2.0,2195,carbon_price_usd_per_tCO2,518.8750944994
2.5,2020,social_cost_of_carbon_usd_per_tCO2,51.9739119002
2.5,2025,social_cost_of_carbon_usd_per_tCO2,61.1457787062
2.5,2030,social_cost_of_carbon_usd_per_tCO2,72.0812831036
2.5,2035,social_cost_of_carbon_usd_per_tCO2,84.3047632573
2.5,2040,social_cost_of_carbon_usd_per_tCO2,98.0321490926
2.5,2045,social_cost_of_carbon_usd_per_tCO2,113.422489406
2.5,2050,social_cost_of_carbon_usd_per_tCO2,130.6297435751
2.5,2055,social_cost_of_carbon_usd_per_tCO2,149.7961302128
2.5,2060,social_cost_of_carbon_usd_per_tCO2,171.0853884939
2.5,2065,social_cost_of_carbon_usd_per_tCO2,194.6598949158
2.5,2070,social_cost_of_carbon_usd_per_tCO2,220.6909565267
2.5,2075,social_cost_of_carbon_usd_per_tCO2,249.3675725089
2.5,2080,social_cost_of_carbon_usd_per_tCO2,280.9159975217
2.5,2085,social_cost_of_carbon_usd_per_tCO2,315.6386567634
2.5,2090,social_cost_of_carbon_usd_per_tCO2,353.9612545349
2.5,2095,social_cost_of_carbon_usd_per_tCO2,396.3358602021
2.5,2100,social_cost_of_carbon_usd_per_tCO2,442.1245361276
2.5,2105,social_cost_of_carbon_usd_per_tCO2,483.2466497367
2.5,2110,social_cost_of_carbon_usd_per_tCO2,474.3239014526
2.5,2115,social_cost_of_carbon_usd_per_tCO2,494.6155411165
2.5,2120,social_cost_of_carbon_usd_per_tCO2,538.6700654472
2.5,2125,social_cost_of_carbon_usd_per_tCO2,584.9451190618
2.5,2130,social_cost_of_carbon_usd_per_tCO2,633.7776783305
2.5,2135,social_cost_of_carbon_usd_per_tCO2,685.3672442061
2.5,2140,social_cost_of_carbon_usd_per_tCO2,739.5697934836
2.5,2145,social_cost_of_carbon_usd_per_tCO2,796.0651968157
2.5,2150,social_cost_of_carbon_usd_per_tCO2,854.5102210534
2.5,2155,social_cost_of_carbon_usd_per_tCO2,914.536039137
2.5,2160,social_cost_of_carbon_usd_per_tCO2,975.7420883756
2.5,2165,social_cost_of_carbon_usd_per_tCO2,1037.6985776172
2.5,2170,social_cost_of_carbon_usd_per_tCO2,1099.9389739492
2.5,2175,social_cost_of_carbon_usd_per_tCO2,1161.9723193727
2.5,2180,social_cost_of_carbon_usd_per_tCO2,1223.3076918899
2.5,2185,social_cost_of_carbon_usd_per_tCO2,1283.4948061394
2.5,2190,social_cost_of_carbon_usd_per_tCO2,1342.1857252502
2.5,2195,social_cost_of_carbon_usd_per_tCO2,1399.2028354669
2.5,2020,atmospheric_temperature_increase_C,1.24715
2.5,2025,atmospheric_temperature_increase_C,1.4248359652
2.5,2030,atmospheric_temperature_increase_C,1.5462969728
2.5,2035,atmospheric_temperature_increase_C,1.6474124061
2.5,2040,atmospheric_temperature_increase_C,1.7415919865
2.5,2045,atmospheric_temperature_increase_C,1.8320867826
2.5,2050,atmospheric_temperature_increase_C,1.9189818461
2.5,2055,atmospheric_temperature_increase_C,2.0029395971
2.5,2060,atmospheric_temperature_increase_C,2.0838375109
2.5,2065,atmospheric_temperature_increase_C,2.1609686458
2.5,2070,atmospheric_temperature_increase_C,2.2334211084
2.5,2075,atmospheric_temperature_increase_C,2.3001513959
2.5,2080,atmospheric_temperature_increase_C,2.3599724683
2.5,2085,atmospheric_temperature_increase_C,2.4115086265
2.5,2090,atmospheric_temperature_increase_C,2.4531376797
2.5,2095,atmospheric_temperature_increase_C,2.4830035111
2.5,2100,atmospheric_temperature_increase_C,2.4995618575
2.5,2105,atmospheric_temperature_increase_C,2.5000000002
2.5,2110,atmospheric_temperature_increase_C,2.5000000002
2.5,2115,atmospheric_temperature_increase_C,2.4975226944
2.5,2120,atmospheric_temperature_increase_C,2.483699554
2.5,2125,atmospheric_temperature_increase_C,2.453669981
2.5,2130,atmospheric_temperature_increase_C,2.4103531237
2.5,2135,atmospheric_temperature_increase_C,2.3635893837
2.5,2140,atmospheric_temperature_increase_C,2.3167312929
2.5,2145,atmospheric_temperature_increase_C,2.2699681175
2.5,2150,atmospheric_temperature_increase_C,2.2228047248
2.5,2155,atmospheric_temperature_increase_C,2.1746756926
2.5,2160,atmospheric_temperature_increase_C,2.125068711
2.5,2165,atmospheric_temperature_increase_C,2.0735663262
2.5,2170,atmospheric_temperature_increase_C,2.0198008248
2.5,2175,atmospheric_temperature_increase_C,1.963433288
2.5,2180,atmospheric_temperature_increase_C,1.9041431974
2.5,2185,atmospheric_temperature_increase_C,1.8416233433
2.5,2190,atmospheric_temperature_increase_C,1.7755780683
2.5,2195,atmospheric_temperature_increase_C,1.705724479
2.5,2020,atmospheric_concentration_ppm,416.2031931455
2.5,2025,atmospheric_concentration_ppm,429.9128739663
2.5,2030,atmospheric_concentration_ppm,441.1996200342
2.5,2035,atmospheric_concentration_ppm,452.7127261567
2.5,2040,atmospheric_concentration_ppm,464.2988079044
2.5,2045,atmospheric_concentration_ppm,475.7379681937
2.5,2050,atmospheric_concentration_ppm,486.8249533199
2.5,2055,atmospheric_concentration_ppm,497.7580197803
2.5,2060,atmospheric_concentration_ppm,508.352161371
2.5,2065,atmospheric_concentration_ppm,518.4281463514
2.5,2070,atmospheric_concentration_ppm,527.7880709436
2.5,2075,atmospheric_concentration_ppm,536.2060275896
2.5,2080,atmospheric_concentration_ppm,543.4204443777
2.5,2085,atmospheric_concentration_ppm,549.1252230427
2.5,2090,atmospheric_concentration_ppm,552.9622093634
2.5,2095,atmospheric_concentration_ppm,554.5392385431
2.5,2100,atmospheric_concentration_ppm,553.6033528788
2.5,2105,atmospheric_concentration_ppm,551.4115655673
2.5,2110,atmospheric_concentration_ppm,550.7517861552
2.5,2115,atmospheric_concentration_ppm,548.863126739
2.5,2120,atmospheric_concentration_ppm,543.882760488
2.5,2125,atmospheric_concentration_ppm,535.6220716553
2.5,2130,atmospheric_concentration_ppm,525.5167419431
2.5,2135,atmospheric_concentration_ppm,515.9530331282
2.5,2140,atmospheric_concentration_ppm,506.6135768847
2.5,2145,atmospheric_concentration_ppm,497.3235351591
2.5,2150,atmospheric_concentration_ppm,487.9811922638
2.5,2155,atmospheric_concentration_ppm,478.5226082713
2.5,2160,atmospheric_concentration_ppm,468.9045220946
2.5,2165,atmospheric_concentration_ppm,459.1048732903
2.5,2170,atmospheric_concentration_ppm,449.107219209
2.5,2175,atmospheric_concentration_ppm,438.8991479615
2.5,2180,atmospheric_concentration_ppm,428.4716524436
2.5,2185,atmospheric_concentration_ppm,417.8190444067
2.5,2190,atmospheric_concentration_ppm,406.9392303889
2.5,2195,atmospheric_concentration_ppm,395.8343262581
2.5,2020,emissions_control_rate,0.0500000001
2.5,2025,emissions_control_rate,0.1000000001
2.5,2030,emissions_control_rate,0.2400000001
2.5,2035,emissions_control_rate,0.2811793734
2.5,2040,emissions_control_rate,0.3178144169
2.5,2045,emissions_control_rate,0.3585320753
2.5,2050,emissions_control_rate,0.403721461
2.5,2055,emissions_control_rate,0.4411825439
2.5,2060,emissions_control_rate,0.4812590044
2.5,2065,emissions_control_rate,0.5240650044
2.5,2070,emissions_control_rate,0.5697291204
2.5,2075,emissions_control_rate,0.6184080581
2.5,2080,emissions_control_rate,0.6703087207
2.5,2085,emissions_control_rate,0.7257135195
2.5,2090,emissions_control_rate,0.784939457
2.5,2095,emissions_control_rate,0.8478532714
2.5,2100,emissions_control_rate,0.9112174293
2.5,2105,emissions_control_rate,0.9490736778
2.5,2110,emissions_control_rate,0.938120931
2.5,2115,emissions_control_rate,0.9642289116
2.5,2120,emissions_control_rate,1.0156120393
2.5,2125,emissions_control_rate,1.0681429175
2.5,2130,emissions_control_rate,1.1000000001
2.5,2135,emissions_control_rate,1.1000000001
2.5,2140,emissions_control_rate,1.1000000001
2.5,2145,emissions_control_rate,1.1000000001
2.5,2150,emissions_control_rate,1.1000000001
2.5,2155,emissions_control_rate,1.1000000001
2.5,2160,emissions_control_rate,1.1000000001
2.5,2165,emissions_control_rate,1.1000000001
2.5,2170,emissions_control_rate,1.1000000001
2.5,2175,emissions_control_rate,1.1000000001
2.5,2180,emissions_control_rate,1.1000000001
2.5,2185,emissions_control_rate,1.1000000001
2.5,2190,emissions_control_rate,1.1000000001
2.5,2195,emissions_control_rate,1.1000000001
2.5,2020,total_CO2_emissions_GtCO2_per_year,42.9412000962
2.5,2025,total_CO2_emissions_GtCO2_per_year,42.9064391483
2.5,2030,total_CO2_emissions_GtCO2_per_year,38.1422556615
2.5,2035,total_CO2_emissions_GtCO2_per_year,37.90726308
2.5,2040,total_CO2_emissions_GtCO2_per_year,37.7679592629
2.5,2045,total_CO2_emissions_GtCO2_per_year,37.2624473668
2.5,2050,total_CO2_emissions_GtCO2_per_year,36.3300160525
2.5,2055,total_CO2_emissions_GtCO2_per_year,35.7042715687
2.5,2060,total_CO2_emissions_GtCO2_per_year,34.7571216462
2.5,2065,total_CO2_emissions_GtCO2_per_year,33.4468439211
2.5,2070,total_CO2_emissions_GtCO2_per_year,31.724076016
2.5,2075,total_CO2_emissions_GtCO2_per_year,29.529554969
2.5,2080,total_CO2_emissions_GtCO2_per_year,26.7907222408
2.5,2085,total_CO2_emissions_GtCO2_per_year,23.4172939356
2.5,2090,total_CO2_emissions_GtCO2_per_year,19.3018153948
2.5,2095,total_CO2_emissions_GtCO2_per_year,14.3630346468
2.5,2100,total_CO2_emissions_GtCO2_per_year,8.8197115091
2.5,2105,total_CO2_emissions_GtCO2_per_year,5.3251943537
2.5,2110,total_CO2_emissions_GtCO2_per_year,6.8153490637
2.5,2115,total_CO2_emissions_GtCO2_per_year,4.1570467785
2.5,2120,total_CO2_emissions_GtCO2_per_year,-1.9156982949
2.5,2125,total_CO2_emissions_GtCO2_per_year,-8.830062355
2.5,2130,total_CO2_emissions_GtCO2_per_year,-13.6849173946
2.5,2135,total_CO2_emissions_GtCO2_per_year,-14.4581047453
2.5,2140,total_CO2_emissions_GtCO2_per_year,-15.289931781
2.5,2145,total_CO2_emissions_GtCO2_per_year,-16.180812265
2.5,2150,total_CO2_emissions_GtCO2_per_year,-17.1326345324
2.5,2155,total_CO2_emissions_GtCO2_per_year,-18.148239792
2.5,2160,total_CO2_emissions_GtCO2_per_year,-19.2293768889
2.5,2165,total_CO2_emissions_GtCO2_per_year,-20.3611888646
2.5,2170,total_CO2_emissions_GtCO2_per_year,-21.5452688233
2.5,2175,total_CO2_emissions_GtCO2_per_year,-22.7832054531
2.5,2180,total_CO2_emissions_GtCO2_per_year,-24.0765232446
2.5,2185,total_CO2_emissions_GtCO2_per_year,-25.4265846627
2.5,2190,total_CO2_emissions_GtCO2_per_year,-26.8344064951
2.5,2195,total_CO2_emissions_GtCO2_per_year,-28.3003000693
2.5,2020,gross_output,134.8914364654
2.5,2025,gross_output,156.7274554731
2.5,2030,gross_output,180.5316033523
2.5,2035,gross_output,206.3432390884
2.5,2040,gross_output,234.421048445
2.5,2045,gross_output,264.9453180119
2.5,2050,gross_output,298.0915034224
2.5,2055,gross_output,334.0464718302
2.5,2060,gross_output,373.0456951802
2.5,2065,gross_output,415.3316476674
2.5,2070,gross_output,461.171652045
2.5,2075,gross_output,510.8589584619
2.5,2080,gross_output,564.7130213048
2.5,2085,gross_output,623.0775194945
2.5,2090,gross_output,686.312523975
2.5,2095,gross_output,754.77377402
2.5,2100,gross_output,828.772607933
2.5,2105,gross_output,908.5578303145
2.5,2110,gross_output,994.89294451
2.5,2115,gross_output,1089.4911722019
2.5,2120,gross_output,1192.0041626874
2.5,2125,gross_output,1302.3491315437
2.5,2130,gross_output,1420.917564926
2.5,2135,gross_output,1548.7470788967
2.5,2140,gross_output,1687.5122764658
2.5,2145,gross_output,1837.6812742575
2.5,2150,gross_output,1999.8795281172
2.5,2155,gross_output,2174.8490063856
2.5,2160,gross_output,2363.4207099483
2.5,2165,gross_output,2566.4990029545
2.5,2170,gross_output,2785.0689487904
2.5,2175,gross_output,3020.1698817096
2.5,2180,gross_output,3272.8898655506
2.5,2185,gross_output,3544.3537182901
2.5,2190,gross_output,3835.6967237595
2.5,2195,gross_output,4148.0084277731
2.5,2020,consumption_per_capita_2019USD,12.8709944182
2.5,2025,consumption_per_capita_2019USD,14.2712404109
2.5,2030,consumption_per_capita_2019USD,15.7775079268
2.5,2035,consumption_per_capita_2019USD,17.4121433649
2.5,2040,consumption_per_capita_2019USD,19.1881405415
2.5,2045,consumption_per_capita_2019USD,21.1164513096
2.5,2050,consumption_per_capita_2019USD,23.2092220657
2.5,2055,consumption_per_capita_2019USD,25.4781060086
2.5,2060,consumption_per_capita_2019USD,27.9353212986
2.5,2065,consumption_per_capita_2019USD,30.5938931079
2.5,2070,consumption_per_capita_2019USD,33.4676929144
2.5,2075,consumption_per_capita_2019USD,36.5715342479
2.5,2080,consumption_per_capita_2019USD,39.9214346007
2.5,2085,consumption_per_capita_2019USD,43.5352885154
2.5,2090,consumption_per_capita_2019USD,47.4345646416
2.5,2095,consumption_per_capita_2019USD,51.6484325518
2.5,2100,consumption_per_capita_2019USD,56.2226779011
2.5,2105,consumption_per_capita_2019USD,61.2288422232
2.5,2110,consumption_per_capita_2019USD,66.7271075778
2.5,2115,consumption_per_capita_2019USD,72.6452603034
2.5,2120,consumption_per_capita_2019USD,78.9955295014
2.5,2125,consumption_per_capita_2019USD,85.8640445874
2.5,2130,consumption_per_capita_2019USD,93.3687553529
2.5,2135,consumption_per_capita_2019USD,101.5950750057
2.5,2140,consumption_per_capita_2019USD,110.5434659045
2.5,2145,consumption_per_capita_2019USD,120.2352868814
2.5,2150,consumption_per_capita_2019USD,130.7059326963
2.5,2155,consumption_per_capita_2019USD,142.0004907865
2.5,2160,consumption_per_capita_2019USD,154.1714336139
2.5,2165,consumption_per_capita_2019USD,167.2783653766
2.5,2170,consumption_per_capita_2019USD,181.3853083536
2.5,2175,consumption_per_capita_2019USD,196.5611269208
2.5,2180,consumption_per_capita_2019USD,212.8806075328
2.5,2185,consumption_per_capita_2019USD,230.4267450334
2.5,2190,consumption_per_capita_2019USD,249.295433503
2.5,2195,consumption_per_capita_2019USD,269.6050256633
2.5,2020,gross_investment,34.3704049063
2.5,2025,gross_investment,39.4564255662
2.5,2030,gross_investment,44.8534204213
2.5,2035,gross_investment,50.8462401048
2.5,2040,gross_investment,57.4047088235
2.5,2045,gross_investment,64.5514672654
2.5,2050,gross_investment,72.3223336092
2.5,2055,gross_investment,80.8085759825
2.5,2060,gross_investment,90.0606700408
2.5,2065,gross_investment,100.1521786006
2.5,2070,gross_investment,111.1653759544
2.5,2075,gross_investment,123.1904993306
2.5,2080,gross_investment,136.3221531745
2.5,2085,gross_investment,150.6484629934
2.5,2090,gross_investment,166.2249393605
2.5,2095,gross_investment,183.0288503385
2.5,2100,gross_investment,200.9654999651
2.5,2105,gross_investment,220.8055773591
2.5,2110,gross_investment,244.3595686856
2.5,2115,gross_investment,269.2333626879
2.5,2120,gross_investment,295.3528977399
2.5,2125,gross_investment,323.1467737252
2.5,2130,gross_investment,353.6446518772
2.5,2135,gross_investment,388.3064266819
2.5,2140,gross_investment,425.9665608361
2.5,2145,gross_investment,466.8620801205
2.5,2150,gross_investment,511.2511176359
2.5,2155,gross_investment,559.4070286038
2.5,2160,gross_investment,611.6185091628
2.5,2165,gross_investment,668.2174645029
2.5,2170,gross_investment,729.5252811029
2.5,2175,gross_investment,795.8683433474
2.5,2180,gross_investment,867.56103099
2.5,2185,gross_investment,944.8690555051
2.5,2190,gross_investment,1027.9324320314
2.5,2195,gross_investment,1116.6060395036
2.5,2020,carbon_price_usd_per_tCO2,5.7603328876
2.5,2025,carbon_price_usd_per_tCO2,16.610429039
2.5,2030,carbon_price_usd_per_tCO2,64.1215648321
2.5,2035,carbon_price_usd_per_tCO2,78.5823361084
2.5,2040,carbon_price_usd_per_tCO2,90.9315151617
2.5,2045,carbon_price_usd_per_tCO2,104.8978959244
2.5,2050,carbon_price_usd_per_tCO2,120.6530116709
2.5,2055,carbon_price_usd_per_tCO2,138.3646247126
2.5,2060,carbon_price_usd_per_tCO2,158.2233128511
2.5,2065,carbon_price_usd_per_tCO2,180.4301322188
2.5,2070,carbon_price_usd_per_tCO2,205.2063559164
2.5,2075,carbon_price_usd_per_tCO2,232.8038139681
2.5,2080,carbon_price_usd_per_tCO2,263.5227936846
2.5,2085,carbon_price_usd_per_tCO2,297.735941516
2.5,2090,carbon_price_usd_per_tCO2,335.8716182119
2.5,2095,carbon_price_usd_per_tCO2,378.0742485845
2.5,2100,carbon_price_usd_per_tCO2,422.1703552593
2.5,2105,carbon_price_usd_per_tCO2,448.3332183867
2.5,2110,carbon_price_usd_per_tCO2,437.8886429814
2.5,2115,carbon_price_usd_per_tCO2,455.2671624446
2.5,2120,carbon_price_usd_per_tCO2,492.2334918723
2.5,2125,carbon_price_usd_per_tCO2,530.9359432687
2.5,2130,carbon_price_usd_per_tCO2,553.7222395851
2.5,2135,carbon_price_usd_per_tCO2,550.960538425
2.5,2140,carbon_price_usd_per_tCO2,548.2126112808
2.5,2145,carbon_price_usd_per_tCO2,545.4783894773
2.5,2150,carbon_price_usd_per_tCO2,542.757804661
2.5,2155,carbon_price_usd_per_tCO2,540.0507888176
2.5,2160,carbon_price_usd_per_tCO2,537.3572742718
2.5,2165,carbon_price_usd_per_tCO2,534.6771936857
2.5,2170,carbon_price_usd_per_tCO2,532.0104800572
2.5,2175,carbon_price_usd_per_tCO2,529.3570667184
2.5,2180,carbon_price_usd_per_tCO2,526.7168873337
2.5,2185,carbon_price_usd_per_tCO2,524.0898758986
2.5,2190,carbon_price_usd_per_tCO2,521.4759667377
2.5,2195,carbon_price_usd_per_tCO2,518.8750945031
3.0,2020,social_cost_of_carbon_usd_per_tCO2,50.2065669274
3.0,2025,social_cost_of_carbon_usd_per_tCO2,59.0665493263
3.0,2030,social_cost_of_carbon_usd_per_tCO2,69.4915777723
3.0,2035,social_cost_of_carbon_usd_per_tCO2,81.0889212242
3.0,2040,social_cost_of_carbon_usd_per_tCO2,94.0475748455
3.0,2045,social_cost_of_carbon_usd_per_tCO2,108.492636042
3.0,2050,social_cost_of_carbon_usd_per_tCO2,124.5398312283
3.0,2055,social_cost_of_carbon_usd_per_tCO2,142.2869790659
3.0,2060,social_cost_of_carbon_usd_per_tCO2,161.843886621
3.0,2065,social_cost_of_carbon_usd_per_tCO2,183.3082437522
3.0,2070,social_cost_of_carbon_usd_per_tCO2,206.7710040184
3.0,2075,social_cost_of_carbon_usd_per_tCO2,232.3151870691
3.0,2080,social_cost_of_carbon_usd_per_tCO2,260.0139076958
3.0,2085,social_cost_of_carbon_usd_per_tCO2,289.9282597802
3.0,2090,social_cost_of_carbon_usd_per_tCO2,322.1054859472
3.0,2095,social_cost_of_carbon_usd_per_tCO2,356.5783032115
3.0,2100,social_cost_of_carbon_usd_per_tCO2,393.3679297135
3.0,2105,social_cost_of_carbon_usd_per_tCO2,432.4883880137
3.0,2110,social_cost_of_carbon_usd_per_tCO2,474.069739912
3.0,2115,social_cost_of_carbon_usd_per_tCO2,518.1993516386
3.0,2120,social_cost_of_carbon_usd_per_tCO2,565.0277185223
3.0,2125,social_cost_of_carbon_usd_per_tCO2,614.877149462
3.0,2130,social_cost_of_carbon_usd_per_tCO2,668.190448761
3.0,2135,social_cost_of_carbon_usd_per_tCO2,724.9429883143
3.0,2140,social_cost_of_carbon_usd_per_tCO2,784.8762393801
3.0,2145,social_cost_of_carbon_usd_per_tCO2,847.7260320756
3.0,2150,social_cost_of_carbon_usd_per_tCO2,913.215011795
3.0,2155,social_cost_of_carbon_usd_per_tCO2,981.0392525175
3.0,2160,social_cost_of_carbon_usd_per_tCO2,1050.8602648548
3.0,2165,social_cost_of_carbon_usd_per_tCO2,1122.3077219397
3.0,2170,social_cost_of_carbon_usd_per_tCO2,1194.9712152484
3.0,2175,social_cost_of_carbon_usd_per_tCO2,1268.4124907774
3.0,2180,social_cost_of_carbon_usd_per_tCO2,1342.1899167243
3.0,2185,social_cost_of_carbon_usd_per_tCO2,1415.8997781941
3.0,2190,social_cost_of_carbon_usd_per_tCO2,1489.2404058485
3.0,2195,social_cost_of_carbon_usd_per_tCO2,1562.0862250022
3.0,2020,atmospheric_temperature_increase_C,1.24715
3.0,2025,atmospheric_temperature_increase_C,1.4248440902
3.0,2030,atmospheric_temperature_increase_C,1.546316586
3.0,2035,atmospheric_temperature_increase_C,1.6481447508
3.0,2040,atmospheric_temperature_increase_C,1.7435344013
3.0,2045,atmospheric_temperature_increase_C,1.8355835948
3.0,2050,atmospheric_temperature_increase_C,1.9244084727
3.0,2055,atmospheric_temperature_increase_C,2.0107163111
3.0,2060,atmospheric_temperature_increase_C,2.0944749522
3.0,2065,atmospheric_temperature_increase_C,2.1751116654
3.0,2070,atmospheric_temperature_increase_C,2.2518912758
3.0,2075,atmospheric_temperature_increase_C,2.3240014336
3.0,2080,atmospheric_temperature_increase_C,2.3905626716
3.0,2085,atmospheric_temperature_increase_C,2.4506173393
3.0,2090,atmospheric_temperature_increase_C,2.5031104042
3.0,2095,atmospheric_temperature_increase_C,2.5468639254
3.0,2100,atmospheric_temperature_increase_C,2.5805426802
3.0,2105,atmospheric_temperature_increase_C,2.5975234006
3.0,2110,atmospheric_temperature_increase_C,2.601133536
3.0,2115,atmospheric_temperature_increase_C,2.5911288085
3.0,2120,atmospheric_temperature_increase_C,2.5659427981
3.0,2125,atmospheric_temperature_increase_C,2.5234844414
3.0,2130,atmospheric_temperature_increase_C,2.4760724296
3.0,2135,atmospheric_temperature_increase_C,2.4287915003
3.0,2140,atmospheric_temperature_increase_C,2.3821992988
3.0,2145,atmospheric_temperature_increase_C,2.3358171574
3.0,2150,atmospheric_temperature_increase_C,2.2890249645
3.0,2155,atmospheric_temperature_increase_C,2.2412523833
3.0,2160,atmospheric_temperature_increase_C,2.1919986139
3.0,2165,atmospheric_temperature_increase_C,2.1408530936
3.0,2170,atmospheric_temperature_increase_C,2.0874497685
3.0,2175,atmospheric_temperature_increase_C,2.0314479786
3.0,2180,atmospheric_temperature_increase_C,1.972523485
3.0,2185,atmospheric_temperature_increase_C,1.9103641331
3.0,2190,atmospheric_temperature_increase_C,1.8446684073
3.0,2195,atmospheric_temperature_increase_C,1.7751467396
3.0,2020,atmospheric_concentration_ppm,416.2031931455
3.0,2025,atmospheric_concentration_ppm,429.9148114011
3.0,2030,atmospheric_concentration_ppm,441.203808427
3.0,2035,atmospheric_concentration_ppm,452.8951184534
3.0,2040,atmospheric_concentration_ppm,464.6853187
3.0,2045,atmospheric_concentration_ppm,476.3805660434
3.0,2050,atmospheric_concentration_ppm,487.7949218221
3.0,2055,atmospheric_concentration_ppm,499.1358977033
3.0,2060,atmospheric_concentration_ppm,510.2422892544
3.0,2065,atmospheric_concentration_ppm,520.9640701274
3.0,2070,atmospheric_concentration_ppm,531.1405400366
3.0,2075,atmospheric_concentration_ppm,540.5940063985
3.0,2080,atmospheric_concentration_ppm,549.1265401457
3.0,2085,atmospheric_concentration_ppm,556.5174453034
3.0,2090,atmospheric_concentration_ppm,562.5209282589
3.0,2095,atmospheric_concentration_ppm,566.8637566182
3.0,2100,atmospheric_concentration_ppm,569.2425251218
3.0,2105,atmospheric_concentration_ppm,569.7172619019
3.0,2110,atmospheric_concentration_ppm,567.9557083062
3.0,2115,atmospheric_concentration_ppm,563.6101528392
3.0,2120,atmospheric_concentration_ppm,556.2991170494
3.0,2125,atmospheric_concentration_ppm,545.6748293289
3.0,2130,atmospheric_concentration_ppm,535.7863521918
3.0,2135,atmospheric_concentration_ppm,526.2447052858
3.0,2140,atmospheric_concentration_ppm,516.8321451548
3.0,2145,atmospheric_concentration_ppm,507.4211974193
3.0,2150,atmospheric_concentration_ppm,497.9324718177
3.0,2155,atmospheric_concentration_ppm,488.3123309737
3.0,2160,atmospheric_concentration_ppm,478.5220959022
3.0,2165,atmospheric_concentration_ppm,468.5416396352
3.0,2170,atmospheric_concentration_ppm,458.3552398902
3.0,2175,atmospheric_concentration_ppm,447.9506215404
3.0,2180,atmospheric_concentration_ppm,437.3186263225
3.0,2185,atmospheric_concentration_ppm,426.4532671311
3.0,2190,atmospheric_concentration_ppm,415.352077692
3.0,2195,atmospheric_concentration_ppm,404.016782646
3.0,2020,emissions_control_rate,0.0500000001
3.0,2025,emissions_control_rate,0.1000000001
3.0,2030,emissions_control_rate,0.24
3.0,2035,emissions_control_rate,0.2746893119
3.0,2040,emissions_control_rate,0.3099206886
3.0,2045,emissions_control_rate,0.3489027447
3.0,2050,emissions_control_rate,0.3919442689
3.0,2055,emissions_control_rate,0.4271471217
3.0,2060,emissions_control_rate,0.464499819
3.0,2065,emissions_control_rate,0.5040170318
3.0,2070,emissions_control_rate,0.5457012772
3.0,2075,emissions_control_rate,0.5895433807
3.0,2080,emissions_control_rate,0.6355222116
3.0,2085,emissions_control_rate,0.6836049626
3.0,2090,emissions_control_rate,0.7337488796
3.0,2095,emissions_control_rate,0.785906173
3.0,2100,emissions_control_rate,0.840036773
3.0,2105,emissions_control_rate,0.8892964664
3.0,2110,emissions_control_rate,0.9399097891
3.0,2115,emissions_control_rate,0.9919421563
3.0,2120,emissions_control_rate,1.0455561333
3.0,2125,emissions_control_rate,1.0999998992
3.0,2130,emissions_control_rate,1.1000000001
3.0,2135,emissions_control_rate,1.1000000001
3.0,2140,emissions_control_rate,1.1000000001
3.0,2145,emissions_control_rate,1.1000000001
3.0,2150,emissions_control_rate,1.1000000001
3.0,2155,emissions_control_rate,1.1000000001
3.0,2160,emissions_control_rate,1.1000000001
3.0,2165,emissions_control_rate,1.1000000001
3.0,2170,emissions_control_rate,1.1000000001
3.0,2175,emissions_control_rate,1.1000000001
3.0,2180,emissions_control_rate,1.1000000001
3.0,2185,emissions_control_rate,1.1000000001
3.0,2190,emissions_control_rate,1.1000000001
3.0,2195,emissions_control_rate,1.1000000001
3.0,2020,total_CO2_emissions_GtCO2_per_year,42.9412000962
3.0,2025,total_CO2_emissions_GtCO2_per_year,42.9103227699
3.0,2030,total_CO2_emissions_GtCO2_per_year,38.1472793162
3.0,2035,total_CO2_emissions_GtCO2_per_year,38.254913921
3.0,2040,total_CO2_emissions_GtCO2_per_year,38.2119918594
3.0,2045,total_CO2_emissions_GtCO2_per_year,37.8297344436
3.0,2050,total_CO2_emissions_GtCO2_per_year,37.0559103298
3.0,2055,total_CO2_emissions_GtCO2_per_year,36.609594541
3.0,2060,total_CO2_emissions_GtCO2_per_year,35.8883726584
3.0,2065,total_CO2_emissions_GtCO2_per_year,34.8633448448
3.0,2070,total_CO2_emissions_GtCO2_per_year,33.5019847982
3.0,2075,total_CO2_emissions_GtCO2_per_year,31.7677363606
3.0,2080,total_CO2_emissions_GtCO2_per_year,29.6196762901
3.0,2085,total_CO2_emissions_GtCO2_per_year,27.012150754
3.0,2090,total_CO2_emissions_GtCO2_per_year,23.8942814155
3.0,2095,total_CO2_emissions_GtCO2_per_year,20.2091337703
3.0,2100,total_CO2_emissions_GtCO2_per_year,15.8920001348
3.0,2105,total_CO2_emissions_GtCO2_per_year,11.5824456646
3.0,2110,total_CO2_emissions_GtCO2_per_year,6.625679871
3.0,2115,total_CO2_emissions_GtCO2_per_year,0.936959623
3.0,2120,total_CO2_emissions_GtCO2_per_year,-5.5894463579
3.0,2125,total_CO2_emissions_GtCO2_per_year,-12.9509420735
3.0,2130,total_CO2_emissions_GtCO2_per_year,-13.6705850338
3.0,2135,total_CO2_emissions_GtCO2_per_year,-14.4479082578
3.0,2140,total_CO2_emissions_GtCO2_per_year,-15.2821771685
3.0,2145,total_CO2_emissions_GtCO2_per_year,-16.1745301591
3.0,2150,total_CO2_emissions_GtCO2_per_year,-17.1273062104
3.0,2155,total_CO2_emissions_GtCO2_per_year,-18.1436120018
3.0,2160,total_CO2_emissions_GtCO2_per_year,-19.2253511229
3.0,2165,total_CO2_emissions_GtCO2_per_year,-20.357759951
3.0,2170,total_CO2_emissions_GtCO2_per_year,-21.5424844576
3.0,2175,total_CO2_emissions_GtCO2_per_year,-22.7811441066
3.0,2180,total_CO2_emissions_GtCO2_per_year,-24.075276883
3.0,2185,total_CO2_emissions_GtCO2_per_year,-25.4262387836
3.0,2190,total_CO2_emissions_GtCO2_per_year,-26.8350081192
3.0,2195,total_CO2_emissions_GtCO2_per_year,-28.3017982098
3.0,2020,gross_output,134.8914364654
3.0,2025,gross_output,156.7434195699
3.0,2030,gross_output,180.5578833425
3.0,2035,gross_output,206.3749285613
3.0,2040,gross_output,234.4672993706
3.0,2045,gross_output,265.0043800482
3.0,2050,gross_output,298.1622015221
3.0,2055,gross_output,334.1282452236
3.0,2060,gross_output,373.1358004403
3.0,2065,gross_output,415.4253512
3.0,2070,gross_output,461.2612278147
3.0,2075,gross_output,510.9328372066
3.0,2080,gross_output,564.7558735804
3.0,2085,gross_output,623.0734252965
3.0,2090,gross_output,686.2565489679
3.0,2095,gross_output,754.7032903358
3.0,2100,gross_output,828.8338531439
3.0,2105,gross_output,909.0767412363
3.0,2110,gross_output,996.0075844359
3.0,2115,gross_output,1090.1210202206
3.0,2120,gross_output,1191.8784422165
3.0,2125,gross_output,1301.6222643703
3.0,2130,gross_output,1419.4230771253
3.0,2135,gross_output,1547.6508699407
3.0,2140,gross_output,1686.6537763925
3.0,2145,gross_output,1836.9659326754
3.0,2150,gross_output,1999.2561700959
3.0,2155,gross_output,2174.2933707714
3.0,2160,gross_output,2362.9251202121
3.0,2165,gross_output,2566.0662025272
3.0,2170,gross_output,2784.70860688
3.0,2175,gross_output,3019.8963568052
3.0,2180,gross_output,3272.7202962149
3.0,2185,gross_output,3544.3054696378
3.0,2190,gross_output,3835.7827722022
3.0,2195,gross_output,4148.228126613
3.0,2020,consumption_per_capita_2019USD,12.8679631107
3.0,2025,consumption_per_capita_2019USD,14.2701012526
3.0,2030,consumption_per_capita_2019USD,15.7777129093
3.0,2035,consumption_per_capita_2019USD,17.4145645284
3.0,2040,consumption_per_capita_2019USD,19.1926828217
3.0,2045,consumption_per_capita_2019USD,21.1233735299
3.0,2050,consumption_per_capita_2019USD,23.2190565902
3.0,2055,consumption_per_capita_2019USD,25.4917568267
3.0,2060,consumption_per_capita_2019USD,27.9541424038
3.0,2065,consumption_per_capita_2019USD,30.6198020598
3.0,2070,consumption_per_capita_2019USD,33.5033162129
3.0,2075,consumption_per_capita_2019USD,36.6203471565
3.0,2080,consumption_per_capita_2019USD,39.9877822444
3.0,2085,consumption_per_capita_2019USD,43.6239671759
3.0,2090,consumption_per_capita_2019USD,47.5491036261
3.0,2095,consumption_per_capita_2019USD,51.7859737616
3.0,2100,consumption_per_capita_2019USD,56.3613509073
3.0,2105,consumption_per_capita_2019USD,61.307096563
3.0,2110,consumption_per_capita_2019USD,66.6536462439
3.0,2115,consumption_per_capita_2019USD,72.4386491735
3.0,2120,consumption_per_capita_2019USD,78.7145261481
3.0,2125,consumption_per_capita_2019USD,85.563666907
3.0,2130,consumption_per_capita_2019USD,93.1219720624
3.0,2135,consumption_per_capita_2019USD,101.3746231987
3.0,2140,consumption_per_capita_2019USD,110.3326142672
3.0,2145,consumption_per_capita_2019USD,120.0239622653
3.0,2150,consumption_per_capita_2019USD,130.4880311949
3.0,2155,consumption_per_capita_2019USD,141.7722323852
3.0,2160,consumption_per_capita_2019USD,153.9304186867
3.0,2165,consumption_per_capita_2019USD,167.023025155
3.0,2170,consumption_per_capita_2019USD,181.1146537362
3.0,2175,consumption_per_capita_2019USD,196.2746829689
3.0,2180,consumption_per_capita_2019USD,212.5785214669
3.0,2185,consumption_per_capita_2019USD,230.1101298294
3.0,2190,consumption_per_capita_2019USD,248.9671228267
3.0,2195,consumption_per_capita_2019USD,269.2711264757
3.0,2020,gross_investment,34.3939063301
3.0,2025,gross_investment,39.4815306388
3.0,2030,gross_investment,44.8776522507
3.0,2035,gross_investment,50.8876324472
3.0,2040,gross_investment,57.4526910121
3.0,2045,gross_investment,64.6058694018
3.0,2050,gross_investment,72.3833951862
3.0,2055,gross_investment,80.8726799506
3.0,2060,gross_investment,90.1230639497
3.0,2065,gross_investment,100.2052461215
3.0,2070,gross_investment,111.1981785167
3.0,2075,gross_investment,123.1896123829
3.0,2080,gross_investment,136.2764734172
3.0,2085,gross_investment,150.5644687351
3.0,2090,gross_investment,166.1656895683
3.0,2095,gross_investment,183.1914413851
3.0,2100,gross_investment,201.7340178583
3.0,2105,gross_investment,222.1007923577
3.0,2110,gross_investment,244.3209082237
3.0,2115,gross_investment,268.4307531509
3.0,2120,gross_investment,294.2876388729
3.0,2125,gross_investment,321.3967709261
3.0,2130,gross_investment,353.2837255169
3.0,2135,gross_investment,387.9483590273
3.0,2140,gross_investment,425.6116880882
3.0,2145,gross_investment,466.5179344409
3.0,2150,gross_investment,510.9277272796
3.0,2155,gross_investment,559.1159804685
3.0,2160,gross_investment,611.372843519
3.0,2165,gross_investment,668.0319216026
3.0,2170,gross_investment,729.4160329607
3.0,2175,gross_investment,795.8519698645
3.0,2180,gross_investment,867.6519615094
3.0,2185,gross_investment,945.0738798766
3.0,2190,gross_investment,1028.2378189762
3.0,2195,gross_investment,1116.9536021736
3.0,2020,carbon_price_usd_per_tCO2,5.7603328875
3.0,2025,carbon_price_usd_per_tCO2,16.610429039
3.0,2030,carbon_price_usd_per_tCO2,64.1215648179
3.0,2035,carbon_price_usd_per_tCO2,75.7004079176
3.0,2040,carbon_price_usd_per_tCO2,87.3449069655
3.0,2045,carbon_price_usd_per_tCO2,100.4266487824
3.0,2050,carbon_price_usd_per_tCO2,115.0710666103
3.0,2055,carbon_price_usd_per_tCO2,131.3892190773
3.0,2060,carbon_price_usd_per_tCO2,149.4999897246
3.0,2065,carbon_price_usd_per_tCO2,169.5138359251
3.0,2070,carbon_price_usd_per_tCO2,191.535505303
3.0,2075,carbon_price_usd_per_tCO2,215.6627282726
3.0,2080,carbon_price_usd_per_tCO2,241.9845111499
3.0,2085,carbon_price_usd_per_tCO2,270.579726233
3.0,2090,carbon_price_usd_per_tCO2,301.5167002
3.0,2095,carbon_price_usd_per_tCO2,334.8552384208
3.0,2100,carbon_price_usd_per_tCO2,370.6549305814
3.0,2105,carbon_price_usd_per_tCO2,404.0131855443
3.0,2110,carbon_price_usd_per_tCO2,439.2253893935
3.0,2115,carbon_price_usd_per_tCO2,476.3829877665
3.0,2120,carbon_price_usd_per_tCO2,515.6587383033
3.0,2125,carbon_price_usd_per_tCO2,556.4977021711
3.0,2130,carbon_price_usd_per_tCO2,553.7222396139
3.0,2135,carbon_price_usd_per_tCO2,550.96053843
3.0,2140,carbon_price_usd_per_tCO2,548.2126112832
3.0,2145,carbon_price_usd_per_tCO2,545.4783894788
3.0,2150,carbon_price_usd_per_tCO2,542.7578046621
3.0,2155,carbon_price_usd_per_tCO2,540.0507888185
3.0,2160,carbon_price_usd_per_tCO2,537.3572742726
3.0,2165,carbon_price_usd_per_tCO2,534.6771936864
3.0,2170,carbon_price_usd_per_tCO2,532.0104800579
3.0,2175,carbon_price_usd_per_tCO2,529.357066719
3.0,2180,carbon_price_usd_per_tCO2,526.7168873343
3.0,2185,carbon_price_usd_per_tCO2,524.0898758992
3.0,2190,carbon_price_usd_per_tCO2,521.4759667383
3.0,2195,carbon_price_usd_per_tCO2,518.8750945037
3.5,2020,social_cost_of_carbon_usd_per_tCO2,50.206566873
3.5,2025,social_cost_of_carbon_usd_per_tCO2,59.0665492623
3.5,2030,social_cost_of_carbon_usd_per_tCO2,69.4915776929
3.5,2035,social_cost_of_carbon_usd_per_tCO2,81.0889211261
3.5,2040,social_cost_of_carbon_usd_per_tCO2,94.0475747242
3.5,2045,social_cost_of_carbon_usd_per_tCO2,108.4926358927
3.5,2050,social_cost_of_carbon_usd_per_tCO2,124.5398310454
3.5,2055,social_cost_of_carbon_usd_per_tCO2,142.2869788419
3.5,2060,social_cost_of_carbon_usd_per_tCO2,161.8438863475
3.5,2065,social_cost_of_carbon_usd_per_tCO2,183.3082434204
3.5,2070,social_cost_of_carbon_usd_per_tCO2,206.7710036172
3.5,2075,social_cost_of_carbon_usd_per_tCO2,232.3151865808
3.5,2080,social_cost_of_carbon_usd_per_tCO2,260.0139071079
3.5,2085,social_cost_of_carbon_usd_per_tCO2,289.9282590737
3.5,2090,social_cost_of_carbon_usd_per_tCO2,322.105485098
3.5,2095,social_cost_of_carbon_usd_per_tCO2,356.5783021949
3.5,2100,social_cost_of_carbon_usd_per_tCO2,393.3679284922
3.5,2105,social_cost_of_carbon_usd_per_tCO2,432.4883865474
3.5,2110,social_cost_of_carbon_usd_per_tCO2,474.0697381288
3.5,2115,social_cost_of_carbon_usd_per_tCO2,518.199349432
3.5,2120,social_cost_of_carbon_usd_per_tCO2,565.0277157196
3.5,2125,social_cost_of_carbon_usd_per_tCO2,614.8771459056
3.5,2130,social_cost_of_carbon_usd_per_tCO2,668.1904448135
3.5,2135,social_cost_of_carbon_usd_per_tCO2,724.9429841125
3.5,2140,social_cost_of_carbon_usd_per_tCO2,784.876234831
3.5,2145,social_cost_of_carbon_usd_per_tCO2,847.7260271006
3.5,2150,social_cost_of_carbon_usd_per_tCO2,913.2150063019
3.5,2155,social_cost_of_carbon_usd_per_tCO2,981.0392464206
3.5,2160,social_cost_of_carbon_usd_per_tCO2,1050.8602581223
3.5,2165,social_cost_of_carbon_usd_per_tCO2,1122.3077144887
3.5,2170,social_cost_of_carbon_usd_per_tCO2,1194.9712070331
3.5,2175,social_cost_of_carbon_usd_per_tCO2,1268.4124817288
3.5,2180,social_cost_of_carbon_usd_per_tCO2,1342.1899068156
3.5,2185,social_cost_of_carbon_usd_per_tCO2,1415.8997673594
3.5,2190,social_cost_of_carbon_usd_per_tCO2,1489.2403940517
3.5,2195,social_cost_of_carbon_usd_per_tCO2,1562.0862122211
3.5,2020,atmospheric_temperature_increase_C,1.24715
3.5,2025,atmospheric_temperature_increase_C,1.4248440902
3.5,2030,atmospheric_temperature_increase_C,1.546316586
3.5,2035,atmospheric_temperature_increase_C,1.6481447508
3.5,2040,atmospheric_temperature_increase_C,1.7435344013
3.5,2045,atmospheric_temperature_increase_C,1.8355835949
3.5,2050,atmospheric_temperature_increase_C,1.9244084728
3.5,2055,atmospheric_temperature_increase_C,2.0107163113
3.5,2060,atmospheric_temperature_increase_C,2.0944749525
3.5,2065,atmospheric_temperature_increase_C,2.1751116658
3.5,2070,atmospheric_temperature_increase_C,2.2518912763
3.5,2075,atmospheric_temperature_increase_C,2.3240014342
3.5,2080,atmospheric_temperature_increase_C,2.3905626724
3.5,2085,atmospheric_temperature_increase_C,2.4506173403
3.5,2090,atmospheric_temperature_increase_C,2.5031104054
3.5,2095,atmospheric_temperature_increase_C,2.5468639269
3.5,2100,atmospheric_temperature_increase_C,2.5805426821
3.5,2105,atmospheric_temperature_increase_C,2.5975234029
3.5,2110,atmospheric_temperature_increase_C,2.6011335389
3.5,2115,atmospheric_temperature_increase_C,2.5911288122
3.5,2120,atmospheric_temperature_increase_C,2.5659428027
3.5,2125,atmospheric_temperature_increase_C,2.5234844338
3.5,2130,atmospheric_temperature_increase_C,2.4760724173
3.5,2135,atmospheric_temperature_increase_C,2.4287914873
3.5,2140,atmospheric_temperature_increase_C,2.3821992862
3.5,2145,atmospheric_temperature_increase_C,2.3358171452
3.5,2150,atmospheric_temperature_increase_C,2.2890249526
3.5,2155,atmospheric_temperature_increase_C,2.2412523716
3.5,2160,atmospheric_temperature_increase_C,2.1919986024
3.5,2165,atmospheric_temperature_increase_C,2.1408530823
3.5,2170,atmospheric_temperature_increase_C,2.0874497572
3.5,2175,atmospheric_temperature_increase_C,2.0314479674
3.5,2180,atmospheric_temperature_increase_C,1.9725234738
3.5,2185,atmospheric_temperature_increase_C,1.910364122
3.5,2190,atmospheric_temperature_increase_C,1.8446683961
3.5,2195,atmospheric_temperature_increase_C,1.7751467285
3.5,2020,atmospheric_concentration_ppm,416.2031931455
3.5,2025,atmospheric_concentration_ppm,429.9148114012
3.5,2030,atmospheric_concentration_ppm,441.2038084272
3.5,2035,atmospheric_concentration_ppm,452.8951184586
3.5,2040,atmospheric_concentration_ppm,464.685318711
3.5,2045,atmospheric_concentration_ppm,476.3805660613
3.5,2050,atmospheric_concentration_ppm,487.7949218489
3.5,2055,atmospheric_concentration_ppm,499.1358977408
3.5,2060,atmospheric_concentration_ppm,510.2422893052
3.5,2065,atmospheric_concentration_ppm,520.9640701946
3.5,2070,atmospheric_concentration_ppm,531.140540124
3.5,2075,atmospheric_concentration_ppm,540.594006511
3.5,2080,atmospheric_concentration_ppm,549.126540289
3.5,2085,atmospheric_concentration_ppm,556.5174454848
3.5,2090,atmospheric_concentration_ppm,562.5209284874
3.5,2095,atmospheric_concentration_ppm,566.8637569053
3.5,2100,atmospheric_concentration_ppm,569.242525482
3.5,2105,atmospheric_concentration_ppm,569.7172623528
3.5,2110,atmospheric_concentration_ppm,567.9557088717
3.5,2115,atmospheric_concentration_ppm,563.6101535526
3.5,2120,atmospheric_concentration_ppm,556.2991179572
3.5,2125,atmospheric_concentration_ppm,545.6748263899
3.5,2130,atmospheric_concentration_ppm,535.7863497088
3.5,2135,atmospheric_concentration_ppm,526.2447030645
3.5,2140,atmospheric_concentration_ppm,516.8321430926
3.5,2145,atmospheric_concentration_ppm,507.4211954623
3.5,2150,atmospheric_concentration_ppm,497.9324699375
3.5,2155,atmospheric_concentration_ppm,488.3123291558
3.5,2160,atmospheric_concentration_ppm,478.5220941389
3.5,2165,atmospheric_concentration_ppm,468.5416379227
3.5,2170,atmospheric_concentration_ppm,458.3552382266
3.5,2175,atmospheric_concentration_ppm,447.9506199249
3.5,2180,atmospheric_concentration_ppm,437.3186247548
3.5,2185,atmospheric_concentration_ppm,426.4532656113
3.5,2190,atmospheric_concentration_ppm,415.3520762204
3.5,2195,atmospheric_concentration_ppm,404.0167812231
3.5,2020,emissions_control_rate,0.0500000001
3.5,2025,emissions_control_rate,0.1000000001
3.5,2030,emissions_control_rate,0.24
3.5,2035,emissions_control_rate,0.2746893118
3.5,2040,emissions_control_rate,0.3099206884
3.5,2045,emissions_control_rate,0.3489027444
3.5,2050,emissions_control_rate,0.3919442686
3.5,2055,emissions_control_rate,0.4271471213
3.5,2060,emissions_control_rate,0.4644998186
3.5,2065,emissions_control_rate,0.5040170312
3.5,2070,emissions_control_rate,0.5457012766
3.5,2075,emissions_control_rate,0.58954338
3.5,2080,emissions_control_rate,0.6355222108
3.5,2085,emissions_control_rate,0.6836049616
3.5,2090,emissions_control_rate,0.7337488785
3.5,2095,emissions_control_rate,0.7859061717
3.5,2100,emissions_control_rate,0.8400367715
3.5,2105,emissions_control_rate,0.8892964645
3.5,2110,emissions_control_rate,0.9399097869
3.5,2115,emissions_control_rate,0.9919421536
3.5,2120,emissions_control_rate,1.04555613
3.5,2125,emissions_control_rate,1.0999999493
3.5,2130,emissions_control_rate,1.1000000001
3.5,2135,emissions_control_rate,1.1000000001
3.5,2140,emissions_control_rate,1.1000000001
3.5,2145,emissions_control_rate,1.1000000001
3.5,2150,emissions_control_rate,1.1000000001
3.5,2155,emissions_control_rate,1.1000000001
3.5,2160,emissions_control_rate,1.1000000001
3.5,2165,emissions_control_rate,1.1000000001
3.5,2170,emissions_control_rate,1.1000000001
3.5,2175,emissions_control_rate,1.1000000001
3.5,2180,emissions_control_rate,1.1000000001
3.5,2185,emissions_control_rate,1.1000000001
3.5,2190,emissions_control_rate,1.1000000001
3.5,2195,emissions_control_rate,1.1000000001
3.5,2020,total_CO2_emissions_GtCO2_per_year,42.9412000962
3.5,2025,total_CO2_emissions_GtCO2_per_year,42.91032277
3.5,2030,total_CO2_emissions_GtCO2_per_year,38.1472793163
3.5,2035,total_CO2_emissions_GtCO2_per_year,38.2549139308
3.5,2040,total_CO2_emissions_GtCO2_per_year,38.2119918718
3.5,2045,total_CO2_emissions_GtCO2_per_year,37.8297344592
3.5,2050,total_CO2_emissions_GtCO2_per_year,37.0559103495
3.5,2055,total_CO2_emissions_GtCO2_per_year,36.6095945651
3.5,2060,total_CO2_emissions_GtCO2_per_year,35.888372688
3.5,2065,total_CO2_emissions_GtCO2_per_year,34.8633448809
3.5,2070,total_CO2_emissions_GtCO2_per_year,33.5019848423
3.5,2075,total_CO2_emissions_GtCO2_per_year,31.7677364151
3.5,2080,total_CO2_emissions_GtCO2_per_year,29.6196763569
3.5,2085,total_CO2_emissions_GtCO2_per_year,27.012150836
3.5,2090,total_CO2_emissions_GtCO2_per_year,23.8942815166
3.5,2095,total_CO2_emissions_GtCO2_per_year,20.209133895
3.5,2100,total_CO2_emissions_GtCO2_per_year,15.8920002899
3.5,2105,total_CO2_emissions_GtCO2_per_year,11.5824458571
3.5,2110,total_CO2_emissions_GtCO2_per_year,6.6256801138
3.5,2115,total_CO2_emissions_GtCO2_per_year,0.9369599349
3.5,2120,total_CO2_emissions_GtCO2_per_year,-5.5894459487
3.5,2125,total_CO2_emissions_GtCO2_per_year,-12.9509485791
3.5,2130,total_CO2_emissions_GtCO2_per_year,-13.6705850257
3.5,2135,total_CO2_emissions_GtCO2_per_year,-14.4479082538
3.5,2140,total_CO2_emissions_GtCO2_per_year,-15.2821771668
3.5,2145,total_CO2_emissions_GtCO2_per_year,-16.1745301587
3.5,2150,total_CO2_emissions_GtCO2_per_year,-17.1273062108
3.5,2155,total_CO2_emissions_GtCO2_per_year,-18.1436120025
3.5,2160,total_CO2_emissions_GtCO2_per_year,-19.2253511238
3.5,2165,total_CO2_emissions_GtCO2_per_year,-20.357759952
3.5,2170,total_CO2_emissions_GtCO2_per_year,-21.5424844586
3.5,2175,total_CO2_emissions_GtCO2_per_year,-22.7811441076
3.5,2180,total_CO2_emissions_GtCO2_per_year,-24.075276884
3.5,2185,total_CO2_emissions_GtCO2_per_year,-25.4262387845
3.5,2190,total_CO2_emissions_GtCO2_per_year,-26.8350081201
3.5,2195,total_CO2_emissions_GtCO2_per_year,-28.3017982106
3.5,2020,gross_output,134.8914364654
3.5,2025,gross_output,156.7434195704
3.5,2030,gross_output,180.5578833433
3.5,2035,gross_output,206.3749285623
3.5,2040,gross_output,234.467299372
3.5,2045,gross_output,265.00438005
3.5,2050,gross_output,298.1622015244
3.5,2055,gross_output,334.1282452263
3.5,2060,gross_output,373.1358004434
3.5,2065,gross_output,415.4253512033
3.5,2070,gross_output,461.2612278182
3.5,2075,gross_output,510.9328372099
3.5,2080,gross_output,564.7558735834
3.5,2085,gross_output,623.073425299
3.5,2090,gross_output,686.2565489696
3.5,2095,gross_output,754.7032903375
3.5,2100,gross_output,828.8338531483
3.5,2105,gross_output,909.0767412514
3.5,2110,gross_output,996.007584482
3.5,2115,gross_output,1090.1210203465
3.5,2120,gross_output,1191.8784425371
3.5,2125,gross_output,1301.6222651483
3.5,2130,gross_output,1419.4230762796
3.5,2135,gross_output,1547.6508695083
3.5,2140,gross_output,1686.6537762061
3.5,2145,gross_output,1836.9659326315
3.5,2150,gross_output,1999.2561701333
3.5,2155,gross_output,2174.293370855
3.5,2160,gross_output,2362.9251203217
3.5,2165,gross_output,2566.0662026511
3.5,2170,gross_output,2784.7086070112
3.5,2175,gross_output,3019.8963569396
3.5,2180,gross_output,3272.7202963496
3.5,2185,gross_output,3544.305469771
3.5,2190,gross_output,3835.782772333
3.5,2195,gross_output,4148.228126742
3.5,2020,consumption_per_capita_2019USD,12.8679631106
3.5,2025,consumption_per_capita_2019USD,14.2701012526
3.5,2030,consumption_per_capita_2019USD,15.7777129093
3.5,2035,consumption_per_capita_2019USD,17.4145645285
3.5,2040,consumption_per_capita_2019USD,19.1926828218
3.5,2045,consumption_per_capita_2019USD,21.1233735301
3.5,2050,consumption_per_capita_2019USD,23.2190565904
3.5,2055,consumption_per_capita_2019USD,25.491756827
3.5,2060,consumption_per_capita_2019USD,27.9541424042
3.5,2065,consumption_per_capita_2019USD,30.6198020604
3.5,2070,consumption_per_capita_2019USD,33.5033162137
3.5,2075,consumption_per_capita_2019USD,36.6203471576
3.5,2080,consumption_per_capita_2019USD,39.9877822458
3.5,2085,consumption_per_capita_2019USD,43.6239671777
3.5,2090,consumption_per_capita_2019USD,47.5491036284
3.5,2095,consumption_per_capita_2019USD,51.7859737642
3.5,2100,consumption_per_capita_2019USD,56.3613509097
3.5,2105,consumption_per_capita_2019USD,61.307096564
3.5,2110,consumption_per_capita_2019USD,66.6536462401
3.5,2115,consumption_per_capita_2019USD,72.4386491573
3.5,2120,consumption_per_capita_2019USD,78.7145261013
3.5,2125,consumption_per_capita_2019USD,85.5636667843
3.5,2130,consumption_per_capita_2019USD,93.1219720056
3.5,2135,consumption_per_capita_2019USD,101.3746231814
3.5,2140,consumption_per_capita_2019USD,110.3326142731
3.5,2145,consumption_per_capita_2019USD,120.0239622852
3.5,2150,consumption_per_capita_2019USD,130.4880312235
3.5,2155,consumption_per_capita_2019USD,141.7722324195
3.5,2160,consumption_per_capita_2019USD,153.9304187251
3.5,2165,consumption_per_capita_2019USD,167.0230251967
3.5,2170,consumption_per_capita_2019USD,181.1146537807
3.5,2175,consumption_per_capita_2019USD,196.2746830159
3.5,2180,consumption_per_capita_2019USD,212.5785215164
3.5,2185,consumption_per_capita_2019USD,230.110129881
3.5,2190,consumption_per_capita_2019USD,248.9671228802
3.5,2195,consumption_per_capita_2019USD,269.2711265305
3.5,2020,gross_investment,34.3939063308
3.5,2025,gross_investment,39.4815306396
3.5,2030,gross_investment,44.8776522515
3.5,2035,gross_investment,50.8876324485
3.5,2040,gross_investment,57.4526910136
3.5,2045,gross_investment,64.6058694036
3.5,2050,gross_investment,72.3833951882
3.5,2055,gross_investment,80.8726799528
3.5,2060,gross_investment,90.123063952
3.5,2065,gross_investment,100.2052461238
3.5,2070,gross_investment,111.1981785188
3.5,2075,gross_investment,123.1896123845
3.5,2080,gross_investment,136.2764734183
3.5,2085,gross_investment,150.5644687356
3.5,2090,gross_investment,166.1656895693
3.5,2095,gross_investment,183.1914413905
3.5,2100,gross_investment,201.7340178783
3.5,2105,gross_investment,222.1007924172
3.5,2110,gross_investment,244.320908383
3.5,2115,gross_investment,268.4307535507
3.5,2120,gross_investment,294.2876398343
3.5,2125,gross_investment,321.3967687924
3.5,2130,gross_investment,353.2837256222
3.5,2135,gross_investment,387.9483591386
3.5,2140,gross_investment,425.6116881973
3.5,2145,gross_investment,466.5179345474
3.5,2150,gross_investment,510.9277273843
3.5,2155,gross_investment,559.1159805722
3.5,2160,gross_investment,611.372843622
3.5,2165,gross_investment,668.0319217045
3.5,2170,gross_investment,729.4160330612
3.5,2175,gross_investment,795.8519699632
3.5,2180,gross_investment,867.6519616058
3.5,2185,gross_investment,945.0738799711
3.5,2190,gross_investment,1028.2378190706
3.5,2195,gross_investment,1116.9536022733
3.5,2020,carbon_price_usd_per_tCO2,5.7603328875
3.5,2025,carbon_price_usd_per_tCO2,16.610429039
3.5,2030,carbon_price_usd_per_tCO2,64.1215648179
3.5,2035,carbon_price_usd_per_tCO2,75.7004078369
3.5,2040,carbon_price_usd_per_tCO2,87.3449068662
3.5,2045,carbon_price_usd_per_tCO2,100.4266486606
3.5,2050,carbon_price_usd_per_tCO2,115.0710664609
3.5,2055,carbon_price_usd_per_tCO2,131.389218894
3.5,2060,carbon_price_usd_per_tCO2,149.4999894997
3.5,2065,carbon_price_usd_per_tCO2,169.5138356509
3.5,2070,carbon_price_usd_per_tCO2,191.5355049689
3.5,2075,carbon_price_usd_per_tCO2,215.6627278624
3.5,2080,carbon_price_usd_per_tCO2,241.9845106509
3.5,2085,carbon_price_usd_per_tCO2,270.579725626
3.5,2090,carbon_price_usd_per_tCO2,301.5166994602
3.5,2095,carbon_price_usd_per_tCO2,334.8552375207
3.5,2100,carbon_price_usd_per_tCO2,370.6549294797
3.5,2105,carbon_price_usd_per_tCO2,404.0131842085
3.5,2110,carbon_price_usd_per_tCO2,439.2253877498
3.5,2115,carbon_price_usd_per_tCO2,476.3829857065
3.5,2120,carbon_price_usd_per_tCO2,515.658735662
3.5,2125,carbon_price_usd_per_tCO2,556.4977427947
3.5,2130,carbon_price_usd_per_tCO2,553.7222396139
3.5,2135,carbon_price_usd_per_tCO2,550.96053843
3.5,2140,carbon_price_usd_per_tCO2,548.2126112832
3.5,2145,carbon_price_usd_per_tCO2,545.4783894788
3.5,2150,carbon_price_usd_per_tCO2,542.7578046621
3.5,2155,carbon_price_usd_per_tCO2,540.0507888185
3.5,2160,carbon_price_usd_per_tCO2,537.3572742726
3.5,2165,carbon_price_usd_per_tCO2,534.6771936864
3.5,2170,carbon_price_usd_per_tCO2,532.0104800579
3.5,2175,carbon_price_usd_per_tCO2,529.357066719
3.5,2180,carbon_price_usd_per_tCO2,526.7168873343
3.5,2185,carbon_price_usd_per_tCO2,524.0898758992
3.5,2190,carbon_price_usd_per_tCO2,521.4759667383
3.5,2195,carbon_price_usd_per_tCO2,518.8750945037
4.0,2020,social_cost_of_carbon_usd_per_tCO2,50.206566851
4.0,2025,social_cost_of_carbon_usd_per_tCO2,59.0665492365
4.0,2030,social_cost_of_carbon_usd_per_tCO2,69.491577661
4.0,2035,social_cost_of_carbon_usd_per_tCO2,81.0889210865
4.0,2040,social_cost_of_carbon_usd_per_tCO2,94.0475746757
4.0,2045,social_cost_of_carbon_usd_per_tCO2,108.4926358329
4.0,2050,social_cost_of_carbon_usd_per_tCO2,124.5398309723
4.0,2055,social_cost_of_carbon_usd_per_tCO2,142.2869787517
4.0,2060,social_cost_of_carbon_usd_per_tCO2,161.8438862379
4.0,2065,social_cost_of_carbon_usd_per_tCO2,183.3082432877
4.0,2070,social_cost_of_carbon_usd_per_tCO2,206.7710034558
4.0,2075,social_cost_of_carbon_usd_per_tCO2,232.3151863869
4.0,2080,social_cost_of_carbon_usd_per_tCO2,260.0139068719
4.0,2085,social_cost_of_carbon_usd_per_tCO2,289.9282587883
4.0,2090,social_cost_of_carbon_usd_per_tCO2,322.105484758
4.0,2095,social_cost_of_carbon_usd_per_tCO2,356.578301789
4.0,2100,social_cost_of_carbon_usd_per_tCO2,393.3679280062
4.0,2105,social_cost_of_carbon_usd_per_tCO2,432.4883859623
4.0,2110,social_cost_of_carbon_usd_per_tCO2,474.0697374108
4.0,2115,social_cost_of_carbon_usd_per_tCO2,518.19934855
4.0,2120,social_cost_of_carbon_usd_per_tCO2,565.027714603
4.0,2125,social_cost_of_carbon_usd_per_tCO2,614.8771444818
4.0,2130,social_cost_of_carbon_usd_per_tCO2,668.1904432301
4.0,2135,social_cost_of_carbon_usd_per_tCO2,724.9429824277
4.0,2140,social_cost_of_carbon_usd_per_tCO2,784.8762330078
4.0,2145,social_cost_of_carbon_usd_per_tCO2,847.7260250934
4.0,2150,social_cost_of_carbon_usd_per_tCO2,913.2150040929
4.0,2155,social_cost_of_carbon_usd_per_tCO2,981.0392439899
4.0,2160,social_cost_of_carbon_usd_per_tCO2,1050.8602554225
4.0,2165,social_cost_of_carbon_usd_per_tCO2,1122.3077114978
4.0,2170,social_cost_of_carbon_usd_per_tCO2,1194.9712037424
4.0,2175,social_cost_of_carbon_usd_per_tCO2,1268.4124781096
4.0,2180,social_cost_of_carbon_usd_per_tCO2,1342.1899028375
4.0,2185,social_cost_of_carbon_usd_per_tCO2,1415.8997630178
4.0,2190,social_cost_of_carbon_usd_per_tCO2,1489.2403893185
4.0,2195,social_cost_of_carbon_usd_per_tCO2,1562.0862070937
4.0,2020,atmospheric_temperature_increase_C,1.24715
4.0,2025,atmospheric_temperature_increase_C,1.4248440902
4.0,2030,atmospheric_temperature_increase_C,1.546316586
4.0,2035,atmospheric_temperature_increase_C,1.6481447508
4.0,2040,atmospheric_temperature_increase_C,1.7435344014
4.0,2045,atmospheric_temperature_increase_C,1.835583595
4.0,2050,atmospheric_temperature_increase_C,1.9244084729
4.0,2055,atmospheric_temperature_increase_C,2.0107163113
4.0,2060,atmospheric_temperature_increase_C,2.0944749526
4.0,2065,atmospheric_temperature_increase_C,2.1751116659
4.0,2070,atmospheric_temperature_increase_C,2.2518912765
4.0,2075,atmospheric_temperature_increase_C,2.3240014344
4.0,2080,atmospheric_temperature_increase_C,2.3905626727
4.0,2085,atmospheric_temperature_increase_C,2.4506173407
4.0,2090,atmospheric_temperature_increase_C,2.5031104059
4.0,2095,atmospheric_temperature_increase_C,2.5468639275
4.0,2100,atmospheric_temperature_increase_C,2.5805426828
4.0,2105,atmospheric_temperature_increase_C,2.5975234038
4.0,2110,atmospheric_temperature_increase_C,2.6011335401
4.0,2115,atmospheric_temperature_increase_C,2.5911288136
4.0,2120,atmospheric_temperature_increase_C,2.5659428045
4.0,2125,atmospheric_temperature_increase_C,2.5234844307
4.0,2130,atmospheric_temperature_increase_C,2.4760724123
4.0,2135,atmospheric_temperature_increase_C,2.4287914821
4.0,2140,atmospheric_temperature_increase_C,2.3821992811
4.0,2145,atmospheric_temperature_increase_C,2.3358171404
4.0,2150,atmospheric_temperature_increase_C,2.2890249479
4.0,2155,atmospheric_temperature_increase_C,2.241252367
4.0,2160,atmospheric_temperature_increase_C,2.1919985978
4.0,2165,atmospheric_temperature_increase_C,2.1408530777
4.0,2170,atmospheric_temperature_increase_C,2.0874497527
4.0,2175,atmospheric_temperature_increase_C,2.0314479629
4.0,2180,atmospheric_temperature_increase_C,1.9725234694
4.0,2185,atmospheric_temperature_increase_C,1.9103641175
4.0,2190,atmospheric_temperature_increase_C,1.8446683917
4.0,2195,atmospheric_temperature_increase_C,1.7751467241
4.0,2020,atmospheric_concentration_ppm,416.2031931455
4.0,2025,atmospheric_concentration_ppm,429.9148114012
4.0,2030,atmospheric_concentration_ppm,441.2038084272
4.0,2035,atmospheric_concentration_ppm,452.8951184606
4.0,2040,atmospheric_concentration_ppm,464.6853187153
4.0,2045,atmospheric_concentration_ppm,476.3805660685
4.0,2050,atmospheric_concentration_ppm,487.7949218596
4.0,2055,atmospheric_concentration_ppm,499.1358977558
4.0,2060,atmospheric_concentration_ppm,510.2422893255
4.0,2065,atmospheric_concentration_ppm,520.9640702215
4.0,2070,atmospheric_concentration_ppm,531.140540159
4.0,2075,atmospheric_concentration_ppm,540.5940065559
4.0,2080,atmospheric_concentration_ppm,549.1265403463
4.0,2085,atmospheric_concentration_ppm,556.5174455574
4.0,2090,atmospheric_concentration_ppm,562.520928579
4.0,2095,atmospheric_concentration_ppm,566.8637570202
4.0,2100,atmospheric_concentration_ppm,569.242525626
4.0,2105,atmospheric_concentration_ppm,569.7172625331
4.0,2110,atmospheric_concentration_ppm,567.9557090983
4.0,2115,atmospheric_concentration_ppm,563.6101538381
4.0,2120,atmospheric_concentration_ppm,556.2991183202
4.0,2125,atmospheric_concentration_ppm,545.6748252124
4.0,2130,atmospheric_concentration_ppm,535.7863487139
4.0,2135,atmospheric_concentration_ppm,526.2447021744
4.0,2140,atmospheric_concentration_ppm,516.8321422663
4.0,2145,atmospheric_concentration_ppm,507.4211946782
4.0,2150,atmospheric_concentration_ppm,497.9324691843
4.0,2155,atmospheric_concentration_ppm,488.3123284274
4.0,2160,atmospheric_concentration_ppm,478.5220934323
4.0,2165,atmospheric_concentration_ppm,468.5416372365
4.0,2170,atmospheric_concentration_ppm,458.35523756
4.0,2175,atmospheric_concentration_ppm,447.9506192776
4.0,2180,atmospheric_concentration_ppm,437.3186241266
4.0,2185,atmospheric_concentration_ppm,426.4532650023
4.0,2190,atmospheric_concentration_ppm,415.3520756308
4.0,2195,atmospheric_concentration_ppm,404.0167806529
4.0,2020,emissions_control_rate,0.0500000001
4.0,2025,emissions_control_rate,0.1000000001
4.0,2030,emissions_control_rate,0.24
4.0,2035,emissions_control_rate,0.2746893117
4.0,2040,emissions_control_rate,0.3099206883
4.0,2045,emissions_control_rate,0.3489027443
4.0,2050,emissions_control_rate,0.3919442685
4.0,2055,emissions_control_rate,0.4271471211
4.0,2060,emissions_control_rate,0.4644998184
4.0,2065,emissions_control_rate,0.504017031
4.0,2070,emissions_control_rate,0.5457012763
4.0,2075,emissions_control_rate,0.5895433797
4.0,2080,emissions_control_rate,0.6355222105
4.0,2085,emissions_control_rate,0.6836049612
4.0,2090,emissions_control_rate,0.733748878
4.0,2095,emissions_control_rate,0.7859061711
4.0,2100,emissions_control_rate,0.8400367708
4.0,2105,emissions_control_rate,0.8892964638
4.0,2110,emissions_control_rate,0.939909786
4.0,2115,emissions_control_rate,0.9919421525
4.0,2120,emissions_control_rate,1.0455561286
4.0,2125,emissions_control_rate,1.0999999694
4.0,2130,emissions_control_rate,1.1000000001
4.0,2135,emissions_control_rate,1.1000000001
4.0,2140,emissions_control_rate,1.1000000001
4.0,2145,emissions_control_rate,1.1000000001
4.0,2150,emissions_control_rate,1.1000000001
4.0,2155,emissions_control_rate,1.1000000001
4.0,2160,emissions_control_rate,1.1000000001
4.0,2165,emissions_control_rate,1.1000000001
4.0,2170,emissions_control_rate,1.1000000001
4.0,2175,emissions_control_rate,1.1000000001
4.0,2180,emissions_control_rate,1.1000000001
4.0,2185,emissions_control_rate,1.1000000001
4.0,2190,emissions_control_rate,1.1000000001
4.0,2195,emissions_control_rate,1.1000000001
4.0,2020,total_CO2_emissions_GtCO2_per_year,42.9412000962
4.0,2025,total_CO2_emissions_GtCO2_per_year,42.9103227701
4.0,2030,total_CO2_emissions_GtCO2_per_year,38.1472793164
4.0,2035,total_CO2_emissions_GtCO2_per_year,38.2549139347
4.0,2040,total_CO2_emissions_GtCO2_per_year,38.2119918768
4.0,2045,total_CO2_emissions_GtCO2_per_year,37.8297344655
4.0,2050,total_CO2_emissions_GtCO2_per_year,37.0559103573
4.0,2055,total_CO2_emissions_GtCO2_per_year,36.6095945748
4.0,2060,total_CO2_emissions_GtCO2_per_year,35.8883726998
4.0,2065,total_CO2_emissions_GtCO2_per_year,34.8633448954
4.0,2070,total_CO2_emissions_GtCO2_per_year,33.5019848601
4.0,2075,total_CO2_emissions_GtCO2_per_year,31.7677364367
4.0,2080,total_CO2_emissions_GtCO2_per_year,29.6196763836
4.0,2085,total_CO2_emissions_GtCO2_per_year,27.0121508691
4.0,2090,total_CO2_emissions_GtCO2_per_year,23.894281557
4.0,2095,total_CO2_emissions_GtCO2_per_year,20.2091339448
4.0,2100,total_CO2_emissions_GtCO2_per_year,15.8920003517
4.0,2105,total_CO2_emissions_GtCO2_per_year,11.5824459339
4.0,2110,total_CO2_emissions_GtCO2_per_year,6.6256802114
4.0,2115,total_CO2_emissions_GtCO2_per_year,0.9369600595
4.0,2120,total_CO2_emissions_GtCO2_per_year,-5.5894457855
4.0,2125,total_CO2_emissions_GtCO2_per_year,-12.9509511845
4.0,2130,total_CO2_emissions_GtCO2_per_year,-13.6705850225
4.0,2135,total_CO2_emissions_GtCO2_per_year,-14.4479082522
4.0,2140,total_CO2_emissions_GtCO2_per_year,-15.2821771661
4.0,2145,total_CO2_emissions_GtCO2_per_year,-16.1745301586
4.0,2150,total_CO2_emissions_GtCO2_per_year,-17.1273062109
4.0,2155,total_CO2_emissions_GtCO2_per_year,-18.1436120028
4.0,2160,total_CO2_emissions_GtCO2_per_year,-19.2253511241
4.0,2165,total_CO2_emissions_GtCO2_per_year,-20.3577599524
4.0,2170,total_CO2_emissions_GtCO2_per_year,-21.5424844591
4.0,2175,total_CO2_emissions_GtCO2_per_year,-22.781144108
4.0,2180,total_CO2_emissions_GtCO2_per_year,-24.0752768844
4.0,2185,total_CO2_emissions_GtCO2_per_year,-25.4262387849
4.0,2190,total_CO2_emissions_GtCO2_per_year,-26.8350081205
4.0,2195,total_CO2_emissions_GtCO2_per_year,-28.301798211
4.0,2020,gross_output,134.8914364654
4.0,2025,gross_output,156.7434195706
4.0,2030,gross_output,180.5578833436
4.0,2035,gross_output,206.3749285627
4.0,2040,gross_output,234.4672993726
4.0,2045,gross_output,265.0043800508
4.0,2050,gross_output,298.1622015253
4.0,2055,gross_output,334.1282452273
4.0,2060,gross_output,373.1358004446
4.0,2065,gross_output,415.4253512046
4.0,2070,gross_output,461.2612278195
4.0,2075,gross_output,510.9328372113
4.0,2080,gross_output,564.7558735847
4.0,2085,gross_output,623.0734253
4.0,2090,gross_output,686.2565489704
4.0,2095,gross_output,754.7032903382
4.0,2100,gross_output,828.8338531501
4.0,2105,gross_output,909.0767412575
4.0,2110,gross_output,996.0075845003
4.0,2115,gross_output,1090.121020397
4.0,2120,gross_output,1191.8784426655
4.0,2125,gross_output,1301.6222654598
4.0,2130,gross_output,1419.4230759409
4.0,2135,gross_output,1547.6508693351
4.0,2140,gross_output,1686.6537761314
4.0,2145,gross_output,1836.9659326138
4.0,2150,gross_output,1999.2561701482
4.0,2155,gross_output,2174.2933708885
4.0,2160,gross_output,2362.9251203656
4.0,2165,gross_output,2566.0662027007
4.0,2170,gross_output,2784.7086070638
4.0,2175,gross_output,3019.8963569934
4.0,2180,gross_output,3272.7202964035
4.0,2185,gross_output,3544.3054698243
4.0,2190,gross_output,3835.7827723854
4.0,2195,gross_output,4148.2281267937
4.0,2020,consumption_per_capita_2019USD,12.8679631106
4.0,2025,consumption_per_capita_2019USD,14.2701012526
4.0,2030,consumption_per_capita_2019USD,15.7777129093
4.0,2035,consumption_per_capita_2019USD,17.4145645285
4.0,2040,consumption_per_capita_2019USD,19.1926828219
4.0,2045,consumption_per_capita_2019USD,21.1233735301
4.0,2050,consumption_per_capita_2019USD,23.2190565905
4.0,2055,consumption_per_capita_2019USD,25.4917568271
4.0,2060,consumption_per_capita_2019USD,27.9541424044
4.0,2065,consumption_per_capita_2019USD,30.6198020607
4.0,2070,consumption_per_capita_2019USD,33.503316214
4.0,2075,consumption_per_capita_2019USD,36.620347158
4.0,2080,consumption_per_capita_2019USD,39.9877822464
4.0,2085,consumption_per_capita_2019USD,43.6239671785
4.0,2090,consumption_per_capita_2019USD,47.5491036293
4.0,2095,consumption_per_capita_2019USD,51.7859737652
4.0,2100,consumption_per_capita_2019USD,56.3613509107
4.0,2105,consumption_per_capita_2019USD,61.3070965644
4.0,2110,consumption_per_capita_2019USD,66.6536462387
4.0,2115,consumption_per_capita_2019USD,72.4386491508
4.0,2120,consumption_per_capita_2019USD,78.7145260825
4.0,2125,consumption_per_capita_2019USD,85.5636667352
4.0,2130,consumption_per_capita_2019USD,93.1219719829
4.0,2135,consumption_per_capita_2019USD,101.3746231744
4.0,2140,consumption_per_capita_2019USD,110.3326142755
4.0,2145,consumption_per_capita_2019USD,120.0239622931
4.0,2150,consumption_per_capita_2019USD,130.4880312349
4.0,2155,consumption_per_capita_2019USD,141.7722324333
4.0,2160,consumption_per_capita_2019USD,153.9304187405
4.0,2165,consumption_per_capita_2019USD,167.0230252134
4.0,2170,consumption_per_capita_2019USD,181.1146537985
4.0,2175,consumption_per_capita_2019USD,196.2746830348
4.0,2180,consumption_per_capita_2019USD,212.5785215362
4.0,2185,consumption_per_capita_2019USD,230.1101299017
4.0,2190,consumption_per_capita_2019USD,248.9671229016
4.0,2195,consumption_per_capita_2019USD,269.2711265525
4.0,2020,gross_investment,34.3939063311
4.0,2025,gross_investment,39.4815306399
4.0,2030,gross_investment,44.8776522518
4.0,2035,gross_investment,50.887632449
4.0,2040,gross_investment,57.4526910142
4.0,2045,gross_investment,64.6058694043
4.0,2050,gross_investment,72.3833951891
4.0,2055,gross_investment,80.8726799537
4.0,2060,gross_investment,90.123063953
4.0,2065,gross_investment,100.2052461247
4.0,2070,gross_investment,111.1981785197
4.0,2075,gross_investment,123.1896123852
4.0,2080,gross_investment,136.2764734187
4.0,2085,gross_investment,150.5644687359
4.0,2090,gross_investment,166.1656895698
4.0,2095,gross_investment,183.1914413926
4.0,2100,gross_investment,201.7340178863
4.0,2105,gross_investment,222.100792441
4.0,2110,gross_investment,244.320908447
4.0,2115,gross_investment,268.4307537109
4.0,2120,gross_investment,294.2876402191
4.0,2125,gross_investment,321.396767938
4.0,2130,gross_investment,353.2837256643
4.0,2135,gross_investment,387.9483591832
4.0,2140,gross_investment,425.611688241
4.0,2145,gross_investment,466.51793459
4.0,2150,gross_investment,510.9277274263
4.0,2155,gross_investment,559.1159806138
4.0,2160,gross_investment,611.3728436632
4.0,2165,gross_investment,668.0319217454
4.0,2170,gross_investment,729.4160331015
4.0,2175,gross_investment,795.8519700027
4.0,2180,gross_investment,867.6519616444
4.0,2185,gross_investment,945.0738800089
4.0,2190,gross_investment,1028.2378191085
4.0,2195,gross_investment,1116.9536023133
4.0,2020,carbon_price_usd_per_tCO2,5.7603328875
4.0,2025,carbon_price_usd_per_tCO2,16.610429039
4.0,2030,carbon_price_usd_per_tCO2,64.1215648179
4.0,2035,carbon_price_usd_per_tCO2,75.7004078044
4.0,2040,carbon_price_usd_per_tCO2,87.3449068266
4.0,2045,carbon_price_usd_per_tCO2,100.4266486117
4.0,2050,carbon_price_usd_per_tCO2,115.0710664011
4.0,2055,carbon_price_usd_per_tCO2,131.3892188202
4.0,2060,carbon_price_usd_per_tCO2,149.4999894097
4.0,2065,carbon_price_usd_per_tCO2,169.5138355411
4.0,2070,carbon_price_usd_per_tCO2,191.5355048345
4.0,2075,carbon_price_usd_per_tCO2,215.6627276995
4.0,2080,carbon_price_usd_per_tCO2,241.9845104505
4.0,2085,carbon_price_usd_per_tCO2,270.5797253809
4.0,2090,carbon_price_usd_per_tCO2,301.516699164
4.0,2095,carbon_price_usd_per_tCO2,334.8552371612
4.0,2100,carbon_price_usd_per_tCO2,370.6549290412
4.0,2105,carbon_price_usd_per_tCO2,404.0131836752
4.0,2110,carbon_price_usd_per_tCO2,439.2253870883
4.0,2115,carbon_price_usd_per_tCO2,476.3829848829
4.0,2120,carbon_price_usd_per_tCO2,515.658734609
4.0,2125,carbon_price_usd_per_tCO2,556.497759064
4.0,2130,carbon_price_usd_per_tCO2,553.7222396139
4.0,2135,carbon_price_usd_per_tCO2,550.96053843
4.0,2140,carbon_price_usd_per_tCO2,548.2126112832
4.0,2145,carbon_price_usd_per_tCO2,545.4783894788
4.0,2150,carbon_price_usd_per_tCO2,542.7578046621
4.0,2155,carbon_price_usd_per_tCO2,540.0507888185
4.0,2160,carbon_price_usd_per_tCO2,537.3572742726
4.0,2165,carbon_price_usd_per_tCO2,534.6771936864
4.0,2170,carbon_price_usd_per_tCO2,532.0104800579
4.0,2175,carbon_price_usd_per_tCO2,529.357066719
4.0,2180,carbon_price_usd_per_tCO2,526.7168873343
4.0,2185,carbon_price_usd_per_tCO2,524.0898758992
4.0,2190,carbon_price_usd_per_tCO2,521.4759667383
4.0,2195,carbon_price_usd_per_tCO2,518.8750945037
4.5,2020,social_cost_of_carbon_usd_per_tCO2,50.2065668456
4.5,2025,social_cost_of_carbon_usd_per_tCO2,59.0665492302
4.5,2030,social_cost_of_carbon_usd_per_tCO2,69.4915776532
4.5,2035,social_cost_of_carbon_usd_per_tCO2,81.0889210769
4.5,2040,social_cost_of_carbon_usd_per_tCO2,94.0475746637
4.5,2045,social_cost_of_carbon_usd_per_tCO2,108.4926358184
4.5,2050,social_cost_of_carbon_usd_per_tCO2,124.5398309542
4.5,2055,social_cost_of_carbon_usd_per_tCO2,142.2869787299
4.5,2060,social_cost_of_carbon_usd_per_tCO2,161.843886211
4.5,2065,social_cost_of_carbon_usd_per_tCO2,183.3082432542
4.5,2070,social_cost_of_carbon_usd_per_tCO2,206.771003416
4.5,2075,social_cost_of_carbon_usd_per_tCO2,232.3151863382
4.5,2080,social_cost_of_carbon_usd_per_tCO2,260.0139068147
4.5,2085,social_cost_of_carbon_usd_per_tCO2,289.9282587201
4.5,2090,social_cost_of_carbon_usd_per_tCO2,322.1054846746
4.5,2095,social_cost_of_carbon_usd_per_tCO2,356.5783016876
4.5,2100,social_cost_of_carbon_usd_per_tCO2,393.3679278867
4.5,2105,social_cost_of_carbon_usd_per_tCO2,432.4883858133
4.5,2110,social_cost_of_carbon_usd_per_tCO2,474.0697372354
4.5,2115,social_cost_of_carbon_usd_per_tCO2,518.1993483329
4.5,2120,social_cost_of_carbon_usd_per_tCO2,565.0277143265
4.5,2125,social_cost_of_carbon_usd_per_tCO2,614.8771441281
4.5,2130,social_cost_of_carbon_usd_per_tCO2,668.190442836
4.5,2135,social_cost_of_carbon_usd_per_tCO2,724.9429820201
4.5,2140,social_cost_of_carbon_usd_per_tCO2,784.8762325618
4.5,2145,social_cost_of_carbon_usd_per_tCO2,847.7260246056
4.5,2150,social_cost_of_carbon_usd_per_tCO2,913.2150035532
4.5,2155,social_cost_of_carbon_usd_per_tCO2,981.0392433807
4.5,2160,social_cost_of_carbon_usd_per_tCO2,1050.8602547453
4.5,2165,social_cost_of_carbon_usd_per_tCO2,1122.3077107606
4.5,2170,social_cost_of_carbon_usd_per_tCO2,1194.9712029178
4.5,2175,social_cost_of_carbon_usd_per_tCO2,1268.4124772253
4.5,2180,social_cost_of_carbon_usd_per_tCO2,1342.1899018597
4.5,2185,social_cost_of_carbon_usd_per_tCO2,1415.8997619518
4.5,2190,social_cost_of_carbon_usd_per_tCO2,1489.2403881538
4.5,2195,social_cost_of_carbon_usd_per_tCO2,1562.0862058347
4.5,2020,atmospheric_temperature_increase_C,1.24715
4.5,2025,atmospheric_temperature_increase_C,1.4248440902
4.5,2030,atmospheric_temperature_increase_C,1.546316586
4.5,2035,atmospheric_temperature_increase_C,1.6481447508
4.5,2040,atmospheric_temperature_increase_C,1.7435344014
4.5,2045,atmospheric_temperature_increase_C,1.835583595
4.5,2050,atmospheric_temperature_increase_C,1.9244084729
4.5,2055,atmospheric_temperature_increase_C,2.0107163114
4.5,2060,atmospheric_temperature_increase_C,2.0944749527
4.5,2065,atmospheric_temperature_increase_C,2.175111666
4.5,2070,atmospheric_temperature_increase_C,2.2518912766
4.5,2075,atmospheric_temperature_increase_C,2.3240014345
4.5,2080,atmospheric_temperature_increase_C,2.3905626728
4.5,2085,atmospheric_temperature_increase_C,2.4506173408
4.5,2090,atmospheric_temperature_increase_C,2.503110406
4.5,2095,atmospheric_temperature_increase_C,2.5468639276
4.5,2100,atmospheric_temperature_increase_C,2.580542683
4.5,2105,atmospheric_temperature_increase_C,2.597523404
4.5,2110,atmospheric_temperature_increase_C,2.6011335403
4.5,2115,atmospheric_temperature_increase_C,2.591128814
4.5,2120,atmospheric_temperature_increase_C,2.565942805
4.5,2125,atmospheric_temperature_increase_C,2.52348443
4.5,2130,atmospheric_temperature_increase_C,2.4760724111
4.5,2135,atmospheric_temperature_increase_C,2.4287914809
4.5,2140,atmospheric_temperature_increase_C,2.3821992799
4.5,2145,atmospheric_temperature_increase_C,2.3358171392
4.5,2150,atmospheric_temperature_increase_C,2.2890249467
4.5,2155,atmospheric_temperature_increase_C,2.2412523658
4.5,2160,atmospheric_temperature_increase_C,2.1919985967
4.5,2165,atmospheric_temperature_increase_C,2.1408530766
4.5,2170,atmospheric_temperature_increase_C,2.0874497516
4.5,2175,atmospheric_temperature_increase_C,2.0314479618
4.5,2180,atmospheric_temperature_increase_C,1.9725234683
4.5,2185,atmospheric_temperature_increase_C,1.9103641164
4.5,2190,atmospheric_temperature_increase_C,1.8446683906
4.5,2195,atmospheric_temperature_increase_C,1.775146723
4.5,2020,atmospheric_concentration_ppm,416.2031931455
4.5,2025,atmospheric_concentration_ppm,429.9148114012
4.5,2030,atmospheric_concentration_ppm,441.2038084272
4.5,2035,atmospheric_concentration_ppm,452.8951184612
4.5,2040,atmospheric_concentration_ppm,464.6853187164
4.5,2045,atmospheric_concentration_ppm,476.3805660703
4.5,2050,atmospheric_concentration_ppm,487.7949218623
4.5,2055,atmospheric_concentration_ppm,499.1358977596
4.5,2060,atmospheric_concentration_ppm,510.2422893306
4.5,2065,atmospheric_concentration_ppm,520.9640702282
4.5,2070,atmospheric_concentration_ppm,531.1405401677
4.5,2075,atmospheric_concentration_ppm,540.594006567
4.5,2080,atmospheric_concentration_ppm,549.1265403605
4.5,2085,atmospheric_concentration_ppm,556.5174455753
4.5,2090,atmospheric_concentration_ppm,562.5209286015
4.5,2095,atmospheric_concentration_ppm,566.8637570486
4.5,2100,atmospheric_concentration_ppm,569.2425256616
4.5,2105,atmospheric_concentration_ppm,569.7172625778
4.5,2110,atmospheric_concentration_ppm,567.9557091542
4.5,2115,atmospheric_concentration_ppm,563.6101539086
4.5,2120,atmospheric_concentration_ppm,556.2991184098
4.5,2125,atmospheric_concentration_ppm,545.6748249233
4.5,2130,atmospheric_concentration_ppm,535.7863484697
4.5,2135,atmospheric_concentration_ppm,526.244701956
4.5,2140,atmospheric_concentration_ppm,516.8321420635
4.5,2145,atmospheric_concentration_ppm,507.4211944857
4.5,2150,atmospheric_concentration_ppm,497.9324689993
4.5,2155,atmospheric_concentration_ppm,488.3123282486
4.5,2160,atmospheric_concentration_ppm,478.522093259
4.5,2165,atmospheric_concentration_ppm,468.5416370682
4.5,2170,atmospheric_concentration_ppm,458.3552373966
4.5,2175,atmospheric_concentration_ppm,447.9506191188
4.5,2180,atmospheric_concentration_ppm,437.3186239725
4.5,2185,atmospheric_concentration_ppm,426.453264853
4.5,2190,atmospheric_concentration_ppm,415.3520754861
4.5,2195,atmospheric_concentration_ppm,404.016780513
4.5,2020,emissions_control_rate,0.0500000001
4.5,2025,emissions_control_rate,0.1000000001
4.5,2030,emissions_control_rate,0.24
4.5,2035,emissions_control_rate,0.2746893117
4.5,2040,emissions_control_rate,0.3099206883
4.5,2045,emissions_control_rate,0.3489027443
4.5,2050,emissions_control_rate,0.3919442685
4.5,2055,emissions_control_rate,0.4271471211
4.5,2060,emissions_control_rate,0.4644998184
4.5,2065,emissions_control_rate,0.504017031
4.5,2070,emissions_control_rate,0.5457012763
4.5,2075,emissions_control_rate,0.5895433796
4.5,2080,emissions_control_rate,0.6355222104
4.5,2085,emissions_control_rate,0.6836049611
4.5,2090,emissions_control_rate,0.7337488779
4.5,2095,emissions_control_rate,0.785906171
4.5,2100,emissions_control_rate,0.8400367707
4.5,2105,emissions_control_rate,0.8892964636
4.5,2110,emissions_control_rate,0.9399097858
4.5,2115,emissions_control_rate,0.9919421522
4.5,2120,emissions_control_rate,1.0455561283
4.5,2125,emissions_control_rate,1.0999999744
4.5,2130,emissions_control_rate,1.1000000001
4.5,2135,emissions_control_rate,1.1000000001
4.5,2140,emissions_control_rate,1.1000000001
4.5,2145,emissions_control_rate,1.1000000001
4.5,2150,emissions_control_rate,1.1000000001
4.5,2155,emissions_control_rate,1.1000000001
4.5,2160,emissions_control_rate,1.1000000001
4.5,2165,emissions_control_rate,1.1000000001
4.5,2170,emissions_control_rate,1.1000000001
4.5,2175,emissions_control_rate,1.1000000001
4.5,2180,emissions_control_rate,1.1000000001
4.5,2185,emissions_control_rate,1.1000000001
4.5,2190,emissions_control_rate,1.1000000001
4.5,2195,emissions_control_rate,1.1000000001
4.5,2020,total_CO2_emissions_GtCO2_per_year,42.9412000962
4.5,2025,total_CO2_emissions_GtCO2_per_year,42.9103227701
4.5,2030,total_CO2_emissions_GtCO2_per_year,38.1472793164
4.5,2035,total_CO2_emissions_GtCO2_per_year,38.2549139357
4.5,2040,total_CO2_emissions_GtCO2_per_year,38.211991878
4.5,2045,total_CO2_emissions_GtCO2_per_year,37.829734467
4.5,2050,total_CO2_emissions_GtCO2_per_year,37.0559103593
4.5,2055,total_CO2_emissions_GtCO2_per_year,36.6095945771
4.5,2060,total_CO2_emissions_GtCO2_per_year,35.8883727027
4.5,2065,total_CO2_emissions_GtCO2_per_year,34.863344899
4.5,2070,total_CO2_emissions_GtCO2_per_year,33.5019848644
4.5,2075,total_CO2_emissions_GtCO2_per_year,31.7677364421
4.5,2080,total_CO2_emissions_GtCO2_per_year,29.6196763901
4.5,2085,total_CO2_emissions_GtCO2_per_year,27.012150877
4.5,2090,total_CO2_emissions_GtCO2_per_year,23.894281567
4.5,2095,total_CO2_emissions_GtCO2_per_year,20.2091339572
4.5,2100,total_CO2_emissions_GtCO2_per_year,15.8920003669
4.5,2105,total_CO2_emissions_GtCO2_per_year,11.5824459534
4.5,2110,total_CO2_emissions_GtCO2_per_year,6.6256802353
4.5,2115,total_CO2_emissions_GtCO2_per_year,0.9369600902
4.5,2120,total_CO2_emissions_GtCO2_per_year,-5.5894457452
4.5,2125,total_CO2_emissions_GtCO2_per_year,-12.9509518251
4.5,2130,total_CO2_emissions_GtCO2_per_year,-13.6705850217
4.5,2135,total_CO2_emissions_GtCO2_per_year,-14.4479082518
4.5,2140,total_CO2_emissions_GtCO2_per_year,-15.282177166
4.5,2145,total_CO2_emissions_GtCO2_per_year,-16.1745301586
4.5,2150,total_CO2_emissions_GtCO2_per_year,-17.1273062109
4.5,2155,total_CO2_emissions_GtCO2_per_year,-18.1436120028
4.5,2160,total_CO2_emissions_GtCO2_per_year,-19.2253511242
4.5,2165,total_CO2_emissions_GtCO2_per_year,-20.3577599525
4.5,2170,total_CO2_emissions_GtCO2_per_year,-21.5424844592
4.5,2175,total_CO2_emissions_GtCO2_per_year,-22.7811441081
4.5,2180,total_CO2_emissions_GtCO2_per_year,-24.0752768845
4.5,2185,total_CO2_emissions_GtCO2_per_year,-25.426238785
4.5,2190,total_CO2_emissions_GtCO2_per_year,-26.8350081206
4.5,2195,total_CO2_emissions_GtCO2_per_year,-28.3017982111
4.5,2020,gross_output,134.8914364654
4.5,2025,gross_output,156.7434195707
4.5,2030,gross_output,180.5578833437
4.5,2035,gross_output,206.3749285628
4.5,2040,gross_output,234.4672993728
4.5,2045,gross_output,265.004380051
4.5,2050,gross_output,298.1622015256
4.5,2055,gross_output,334.1282452276
4.5,2060,gross_output,373.1358004449
4.5,2065,gross_output,415.425351205
4.5,2070,gross_output,461.2612278199
4.5,2075,gross_output,510.9328372117
4.5,2080,gross_output,564.755873585
4.5,2085,gross_output,623.0734253002
4.5,2090,gross_output,686.2565489705
4.5,2095,gross_output,754.7032903383
4.5,2100,gross_output,828.8338531505
4.5,2105,gross_output,909.0767412589
4.5,2110,gross_output,996.0075845049
4.5,2115,gross_output,1090.1210204095
4.5,2120,gross_output,1191.8784426971
4.5,2125,gross_output,1301.6222655364
4.5,2130,gross_output,1419.4230758576
4.5,2135,gross_output,1547.6508692925
4.5,2140,gross_output,1686.653776113
4.5,2145,gross_output,1836.9659326095
4.5,2150,gross_output,1999.2561701519
4.5,2155,gross_output,2174.2933708967
4.5,2160,gross_output,2362.9251203763
4.5,2165,gross_output,2566.0662027128
4.5,2170,gross_output,2784.7086070767
4.5,2175,gross_output,3019.8963570066
4.5,2180,gross_output,3272.7202964167
4.5,2185,gross_output,3544.3054698373
4.5,2190,gross_output,3835.7827723982
4.5,2195,gross_output,4148.2281268063
4.5,2020,consumption_per_capita_2019USD,12.8679631105
4.5,2025,consumption_per_capita_2019USD,14.2701012526
4.5,2030,consumption_per_capita_2019USD,15.7777129093
4.5,2035,consumption_per_capita_2019USD,17.4145645285
4.5,2040,consumption_per_capita_2019USD,19.1926828219
4.5,2045,consumption_per_capita_2019USD,21.1233735301
4.5,2050,consumption_per_capita_2019USD,23.2190565906
4.5,2055,consumption_per_capita_2019USD,25.4917568272
4.5,2060,consumption_per_capita_2019USD,27.9541424044
4.5,2065,consumption_per_capita_2019USD,30.6198020607
4.5,2070,consumption_per_capita_2019USD,33.5033162141
4.5,2075,consumption_per_capita_2019USD,36.6203471581
4.5,2080,consumption_per_capita_2019USD,39.9877822465
4.5,2085,consumption_per_capita_2019USD,43.6239671786
4.5,2090,consumption_per_capita_2019USD,47.5491036295
4.5,2095,consumption_per_capita_2019USD,51.7859737654
4.5,2100,consumption_per_capita_2019USD,56.3613509109
4.5,2105,consumption_per_capita_2019USD,61.3070965645
4.5,2110,consumption_per_capita_2019USD,66.6536462383
4.5,2115,consumption_per_capita_2019USD,72.4386491492
4.5,2120,consumption_per_capita_2019USD,78.7145260779
4.5,2125,consumption_per_capita_2019USD,85.5636667231
4.5,2130,consumption_per_capita_2019USD,93.1219719773
4.5,2135,consumption_per_capita_2019USD,101.3746231727
4.5,2140,consumption_per_capita_2019USD,110.3326142761
4.5,2145,consumption_per_capita_2019USD,120.0239622951
4.5,2150,consumption_per_capita_2019USD,130.4880312377
4.5,2155,consumption_per_capita_2019USD,141.7722324366
4.5,2160,consumption_per_capita_2019USD,153.9304187443
4.5,2165,consumption_per_capita_2019USD,167.0230252175
4.5,2170,consumption_per_capita_2019USD,181.1146538029
4.5,2175,consumption_per_capita_2019USD,196.2746830394
4.5,2180,consumption_per_capita_2019USD,212.578521541
4.5,2185,consumption_per_capita_2019USD,230.1101299067
4.5,2190,consumption_per_capita_2019USD,248.9671229068
4.5,2195,consumption_per_capita_2019USD,269.2711265579
4.5,2020,gross_investment,34.3939063312
4.5,2025,gross_investment,39.48153064
4.5,2030,gross_investment,44.8776522518
4.5,2035,gross_investment,50.8876324492
4.5,2040,gross_investment,57.4526910144
4.5,2045,gross_investment,64.6058694045
4.5,2050,gross_investment,72.3833951892
4.5,2055,gross_investment,80.8726799539
4.5,2060,gross_investment,90.1230639532
4.5,2065,gross_investment,100.205246125
4.5,2070,gross_investment,111.1981785199
4.5,2075,gross_investment,123.1896123854
4.5,2080,gross_investment,136.2764734188
4.5,2085,gross_investment,150.5644687359
4.5,2090,gross_investment,166.1656895699
4.5,2095,gross_investment,183.1914413932
4.5,2100,gross_investment,201.7340178882
4.5,2105,gross_investment,222.1007924469
4.5,2110,gross_investment,244.3209084627
4.5,2115,gross_investment,268.4307537502
4.5,2120,gross_investment,294.2876403137
4.5,2125,gross_investment,321.3967677278
4.5,2130,gross_investment,353.2837256747
4.5,2135,gross_investment,387.9483591941
4.5,2140,gross_investment,425.6116882517
4.5,2145,gross_investment,466.5179346005
4.5,2150,gross_investment,510.9277274366
4.5,2155,gross_investment,559.1159806239
4.5,2160,gross_investment,611.3728436733
4.5,2165,gross_investment,668.0319217554
4.5,2170,gross_investment,729.4160331114
4.5,2175,gross_investment,795.8519700124
4.5,2180,gross_investment,867.6519616539
4.5,2185,gross_investment,945.0738800182
4.5,2190,gross_investment,1028.2378191177
4.5,2195,gross_investment,1116.9536023231
4.5,2020,carbon_price_usd_per_tCO2,5.7603328875
4.5,2025,carbon_price_usd_per_tCO2,16.610429039
4.5,2030,carbon_price_usd_per_tCO2,64.1215648179
4.5,2035,carbon_price_usd_per_tCO2,75.7004077966
4.5,2040,carbon_price_usd_per_tCO2,87.3449068168
4.5,2045,carbon_price_usd_per_tCO2,100.4266485999
4.5,2050,carbon_price_usd_per_tCO2,115.0710663864
4.5,2055,carbon_price_usd_per_tCO2,131.3892188023
4.5,2060,carbon_price_usd_per_tCO2,149.4999893876
4.5,2065,carbon_price_usd_per_tCO2,169.5138355135
4.5,2070,carbon_price_usd_per_tCO2,191.5355048013
4.5,2075,carbon_price_usd_per_tCO2,215.6627276586
4.5,2080,carbon_price_usd_per_tCO2,241.984510402
4.5,2085,carbon_price_usd_per_tCO2,270.5797253223
4.5,2090,carbon_price_usd_per_tCO2,301.5166990913
4.5,2095,carbon_price_usd_per_tCO2,334.8552370715
4.5,2100,carbon_price_usd_per_tCO2,370.6549289334
4.5,2105,carbon_price_usd_per_tCO2,404.0131835399
4.5,2110,carbon_price_usd_per_tCO2,439.2253869266
4.5,2115,carbon_price_usd_per_tCO2,476.3829846802
4.5,2120,carbon_price_usd_per_tCO2,515.6587343485
4.5,2125,carbon_price_usd_per_tCO2,556.497763064
4.5,2130,carbon_price_usd_per_tCO2,553.7222396139
4.5,2135,carbon_price_usd_per_tCO2,550.96053843
4.5,2140,carbon_price_usd_per_tCO2,548.2126112832
4.5,2145,carbon_price_usd_per_tCO2,545.4783894788
4.5,2150,carbon_price_usd_per_tCO2,542.7578046621
4.5,2155,carbon_price_usd_per_tCO2,540.0507888185
4.5,2160,carbon_price_usd_per_tCO2,537.3572742726
4.5,2165,carbon_price_usd_per_tCO2,534.6771936864
4.5,2170,carbon_price_usd_per_tCO2,532.0104800579
4.5,2175,carbon_price_usd_per_tCO2,529.357066719
4.5,2180,carbon_price_usd_per_tCO2,526.7168873343
4.5,2185,carbon_price_usd_per_tCO2,524.0898758992
4.5,2190,carbon_price_usd_per_tCO2,521.4759667383
4.5,2195,carbon_price_usd_per_tCO2,518.8750945037
